year,month,flight_date,origin,origin_city_name,origin_state_nm,dep_time,taxi_out,taxi_in,air_time,distance,weather_delay,late_aircraft_delay,cancelled,departure_hour,total_delay,delay_status
2024,1,2024-01-01,JFK,"New York, NY","New York",1247,31,7,84,509,0,0,0,12,0,"On Time"
2024,1,2024-01-01,MSP,"Minneapolis, MN",Minnesota,1001,20,6,88,622,0,0,0,10,0,"On Time"
2024,1,2024-01-01,JFK,"New York, NY","New York",1411,21,8,61,288,0,0,0,14,0,"On Time"
2024,1,2024-01-01,JFK,"New York, NY","New York",1247,31,7,84,509,0,0,0,12,0,"On Time"
2024,1,2024-01-01,MSP,"Minneapolis, MN",Minnesota,1001,20,6,88,622,0,0,0,10,0,"On Time"
2024,1,2024-01-01,JFK,"New York, NY","New York",1411,21,8,61,288,0,0,0,14,0,"On Time"
2024,1,2024-01-01,RIC,"Richmond, VA",Virginia,1643,13,12,51,288,0,0,0,16,0,"On Time"
2024,1,2024-01-01,DTW,"Detroit, MI",Michigan,1010,21,4,45,237,0,0,0,10,0,"On Time"
2024,1,2024-01-01,JAX,"Jacksonville, FL",Florida,1403,14,4,102,833,0,0,0,14,0,"On Time"
2024,1,2024-01-01,LGA,"New York, NY","New York",947,26,13,125,833,0,0,0,9,0,"On Time"
2024,1,2024-01-01,CHS,"Charleston, SC","South Carolina",1135,8,5,86,641,0,0,0,11,0,"On Time"
2024,1,2024-01-01,LGA,"New York, NY","New York",810,14,8,101,641,0,0,0,8,0,"On Time"
2024,1,2024-01-01,ITH,"Ithaca/Cortland, NY","New York",1248,12,12,43,189,0,0,0,12,0,"On Time"
2024,1,2024-01-01,JFK,"New York, NY","New York",1054,13,3,41,189,0,0,0,10,0,"On Time"
2024,1,2024-01-01,ITH,"Ithaca/Cortland, NY","New York",616,35,8,43,189,0,0,0,6,0,"On Time"
2024,1,2024-01-01,CLE,"Cleveland, OH",Ohio,1405,22,7,87,622,0,0,0,14,0,"On Time"
2024,1,2024-01-01,GRR,"Grand Rapids, MI",Michigan,1250,27,11,30,120,0,0,0,12,0,"On Time"
2024,1,2024-01-01,CMH,"Columbus, OH",Ohio,1230,7,10,34,155,0,0,0,12,0,"On Time"
2024,1,2024-01-01,DTW,"Detroit, MI",Michigan,1025,15,4,36,155,0,0,0,10,0,"On Time"
2024,1,2024-01-01,ATL,"Atlanta, GA",Georgia,915,22,3,43,223,0,0,0,9,0,"On Time"
2024,1,2024-01-01,TLH,"Tallahassee, FL",Florida,1109,12,7,44,223,0,0,0,11,0,"On Time"
2024,1,2024-01-01,LGA,"New York, NY","New York",1634,26,5,29,136,0,0,0,16,0,"On Time"
2024,1,2024-01-01,CLT,"Charlotte, NC","North Carolina",1345,31,7,75,544,0,0,0,13,0,"On Time"
2024,1,2024-01-01,PVD,"Providence, RI","Rhode Island",525,12,16,91,615,0,0,0,5,0,"On Time"
2024,1,2024-01-01,MIA,"Miami, FL",Florida,1758,34,7,100,700,0,0,0,17,0,"On Time"
2024,1,2024-01-01,RDU,"Raleigh/Durham, NC","North Carolina",1441,19,16,104,700,0,0,0,14,0,"On Time"
2024,1,2024-01-01,LGA,"New York, NY","New York",1015,24,8,147,1107,0,0,0,10,0,"On Time"
2024,1,2024-01-01,BTV,"Burlington, VT",Vermont,1152,27,12,54,266,0,0,0,11,0,"On Time"
2024,1,2024-01-01,STL,"St. Louis, MO",Missouri,831,19,6,118,888,0,0,0,8,0,"On Time"
2024,1,2024-01-01,JFK,"New York, NY","New York",835,24,4,113,718,0,0,0,8,0,"On Time"
2024,1,2024-01-01,SAV,"Savannah, GA",Georgia,1335,18,11,88,718,0,0,0,13,0,"On Time"
2024,1,2024-01-01,DTW,"Detroit, MI",Michigan,1552,19,6,42,237,0,0,0,15,0,"On Time"
2024,1,2024-01-01,BDL,"Hartford, CT",Connecticut,1252,14,14,82,549,0,0,0,12,0,"On Time"
2024,1,2024-01-01,DTW,"Detroit, MI",Michigan,1020,15,4,77,549,0,0,0,10,0,"On Time"
2024,1,2024-01-01,IND,"Indianapolis, IN",Indiana,1400,11,8,105,665,0,0,0,14,0,"On Time"
2024,1,2024-01-01,JFK,"New York, NY","New York",1745,30,7,143,1113,0,0,0,17,0,"On Time"
2024,1,2024-01-01,IAD,"Washington, DC",Virginia,1811,15,27,126,908,0,0,0,18,0,"On Time"
2024,1,2024-01-01,DTW,"Detroit, MI",Michigan,1501,11,5,73,453,0,0,0,15,0,"On Time"
2024,1,2024-01-01,PHL,"Philadelphia, PA",Pennsylvania,1732,13,5,70,453,0,0,0,17,0,"On Time"
2024,1,2024-01-01,ATL,"Atlanta, GA",Georgia,1352,17,5,34,170,0,0,0,13,0,"On Time"
2024,1,2024-01-01,DHN,"Dothan, AL",Alabama,1436,19,5,36,170,0,0,0,14,0,"On Time"
2024,1,2024-01-01,BDL,"Hartford, CT",Connecticut,923,18,9,84,549,0,0,0,9,0,"On Time"
2024,1,2024-01-01,DHN,"Dothan, AL",Alabama,642,16,33,33,170,0,0,0,6,0,"On Time"
2024,1,2024-01-01,BGR,"Bangor, ME",Maine,653,14,9,63,378,0,0,0,6,0,"On Time"
2024,1,2024-01-01,LGA,"New York, NY","New York",1314,13,26,71,431,0,0,0,13,0,"On Time"
2024,1,2024-01-01,RDU,"Raleigh/Durham, NC","North Carolina",1553,11,14,59,431,0,0,0,15,0,"On Time"
2024,1,2024-01-01,EYW,"Key West, FL",Florida,737,16,9,107,646,0,0,0,7,0,"On Time"
2024,1,2024-01-01,DTW,"Detroit, MI",Michigan,2039,13,3,54,296,0,0,0,20,0,"On Time"
2024,1,2024-01-01,ATL,"Atlanta, GA",Georgia,1342,13,6,31,152,0,0,0,13,0,"On Time"
2024,1,2024-01-01,TYS,"Knoxville, TN",Tennessee,1525,11,8,33,152,0,0,0,15,0,"On Time"
2024,1,2024-01-01,GTR,"Columbus, MS",Mississippi,605,16,6,44,241,0,0,0,6,0,"On Time"
2024,1,2024-01-01,MSP,"Minneapolis, MN",Minnesota,1010,18,5,124,908,0,0,0,10,0,"On Time"
2024,1,2024-01-01,JAX,"Jacksonville, FL",Florida,1222,16,13,108,828,0,0,0,12,0,"On Time"
2024,1,2024-01-01,JFK,"New York, NY","New York",837,23,3,127,828,0,0,0,8,0,"On Time"
2024,1,2024-01-01,ATL,"Atlanta, GA",Georgia,2046,38,6,88,589,0,0,0,20,0,"On Time"
2024,1,2024-01-01,LGA,"New York, NY","New York",1036,18,5,152,1030,0,0,0,10,0,"On Time"
2024,1,2024-01-01,PNS,"Pensacola, FL",Florida,1349,10,5,120,1030,0,0,0,13,0,"On Time"
2024,1,2024-01-01,CLT,"Charlotte, NC","North Carolina",1937,26,5,79,541,0,0,0,19,0,"On Time"
2024,1,2024-01-01,ATL,"Atlanta, GA",Georgia,856,11,4,30,152,0,0,0,8,0,"On Time"
2024,1,2024-01-01,TYS,"Knoxville, TN",Tennessee,1038,20,7,31,152,0,0,0,10,0,"On Time"
2024,1,2024-01-01,MSP,"Minneapolis, MN",Minnesota,1945,42,3,40,175,0,0,0,19,0,"On Time"
2024,1,2024-01-01,ATL,"Atlanta, GA",Georgia,911,14,3,54,377,0,0,0,9,0,"On Time"
2024,1,2024-01-01,ILM,"Wilmington, NC","North Carolina",1106,9,5,69,377,0,0,0,11,0,"On Time"
2024,1,2024-01-01,LGA,"New York, NY","New York",1439,15,3,125,866,0,0,0,14,0,"On Time"
2024,1,2024-01-01,MCI,"Kansas City, MO",Missouri,951,30,8,158,1113,0,0,0,9,0,"On Time"
2024,1,2024-01-01,LGA,"New York, NY","New York",1936,16,4,60,378,0,0,0,19,0,"On Time"
2024,1,2024-01-01,ATL,"Atlanta, GA",Georgia,1341,14,7,47,331,0,0,0,13,0,"On Time"
2024,1,2024-01-01,FAY,"Fayetteville, NC","North Carolina",1537,12,6,64,331,0,0,0,15,0,"On Time"
2024,1,2024-01-01,SYR,"Syracuse, NY","New York",1343,13,18,48,209,0,0,0,13,0,"On Time"
2024,1,2024-01-01,ATL,"Atlanta, GA",Georgia,1728,15,2,97,646,0,0,0,17,0,"On Time"
2024,1,2024-01-01,SAV,"Savannah, GA",Georgia,916,15,7,90,718,0,0,0,9,0,"On Time"
2024,1,2024-01-01,ATL,"Atlanta, GA",Georgia,918,24,6,107,674,0,0,0,9,0,"On Time"
2024,1,2024-01-01,TUL,"Tulsa, OK",Oklahoma,1114,16,4,85,674,0,0,0,11,0,"On Time"
2024,1,2024-01-01,ATL,"Atlanta, GA",Georgia,2108,19,4,86,633,0,0,0,21,0,"On Time"
2024,1,2024-01-01,ATL,"Atlanta, GA",Georgia,1339,13,2,49,241,0,0,0,13,0,"On Time"
2024,1,2024-01-01,GTR,"Columbus, MS",Mississippi,1437,10,7,40,241,0,0,0,14,0,"On Time"
2024,1,2024-01-01,ATL,"Atlanta, GA",Georgia,2056,15,9,65,363,0,0,0,20,0,"On Time"
2024,1,2024-01-01,IND,"Indianapolis, IN",Indiana,1235,16,12,46,231,0,0,0,12,0,"On Time"
2024,1,2024-01-01,ATL,"Atlanta, GA",Georgia,1350,16,4,73,448,0,0,0,13,0,"On Time"
2024,1,2024-01-01,MLU,"Monroe, LA",Louisiana,1517,12,6,61,448,0,0,0,15,0,"On Time"
2024,1,2024-01-01,MSP,"Minneapolis, MN",Minnesota,1311,22,4,23,76,0,0,0,13,0,"On Time"
2024,1,2024-01-01,RST,"Rochester, MN",Minnesota,1450,10,8,25,76,0,0,0,14,0,"On Time"
2024,1,2024-01-01,ATL,"Atlanta, GA",Georgia,1505,16,14,95,633,0,0,0,15,0,"On Time"
2024,1,2024-01-01,MLI,"Moline, IL",Illinois,1651,12,8,82,633,0,0,0,16,0,"On Time"
2024,1,2024-01-01,DTW,"Detroit, MI",Michigan,1551,20,6,45,296,0,0,0,15,0,"On Time"
2024,1,2024-01-01,RDU,"Raleigh/Durham, NC","North Carolina",1635,16,7,64,427,0,0,0,16,0,"On Time"
2024,1,2024-01-01,JFK,"New York, NY","New York",1630,17,13,78,427,0,0,0,16,0,"On Time"
2024,1,2024-01-01,ATL,"Atlanta, GA",Georgia,952,13,5,66,432,0,0,0,9,0,"On Time"
2024,1,2024-01-01,DAY,"Dayton, OH",Ohio,1210,14,6,72,432,0,0,0,12,0,"On Time"
2024,1,2024-01-01,LGA,"New York, NY","New York",1511,16,5,58,269,0,0,0,15,0,"On Time"
2024,1,2024-01-01,JFK,"New York, NY","New York",1729,32,5,110,718,0,18,0,17,18,"Minor Delay"
2024,1,2024-01-01,ATL,"Atlanta, GA",Georgia,939,16,7,38,226,0,0,0,9,0,"On Time"
2024,1,2024-01-01,CLT,"Charlotte, NC","North Carolina",1137,20,6,43,226,0,0,0,11,0,"On Time"
2024,1,2024-01-01,IND,"Indianapolis, IN",Indiana,740,21,7,98,660,0,0,0,7,0,"On Time"
2024,1,2024-01-01,ROC,"Rochester, NY","New York",1358,27,8,56,264,0,0,0,13,0,"On Time"
2024,1,2024-01-01,MCI,"Kansas City, MO",Missouri,1621,15,9,92,629,0,0,0,16,0,"On Time"
2024,1,2024-01-01,LGA,"New York, NY","New York",1546,16,5,98,641,0,0,0,15,0,"On Time"
2024,1,2024-01-01,DTW,"Detroit, MI",Michigan,1428,10,3,87,615,0,0,0,14,0,"On Time"
2024,1,2024-01-01,PVD,"Providence, RI","Rhode Island",1703,18,6,85,615,0,0,0,17,0,"On Time"
2024,1,2024-01-01,LEX,"Lexington, KY",Kentucky,602,15,7,54,296,0,0,0,6,0,"On Time"
2024,1,2024-01-01,LGA,"New York, NY","New York",821,21,4,80,431,0,0,0,8,0,"On Time"
2024,1,2024-01-01,RDU,"Raleigh/Durham, NC","North Carolina",1108,26,5,61,431,0,0,0,11,0,"On Time"
2024,1,2024-01-01,AEX,"Alexandria, LA",Louisiana,1620,16,6,69,500,0,0,0,16,0,"On Time"
2024,1,2024-01-01,ATL,"Atlanta, GA",Georgia,1446,23,3,86,500,0,0,0,14,0,"On Time"
2024,1,2024-01-01,MSP,"Minneapolis, MN",Minnesota,1516,23,6,68,448,0,0,0,15,0,"On Time"
2024,1,2024-01-01,STL,"St. Louis, MO",Missouri,1815,12,25,69,448,0,0,0,18,0,"On Time"
2024,1,2024-01-01,BNA,"Nashville, TN",Tennessee,907,15,8,118,765,0,0,0,9,0,"On Time"
2024,1,2024-01-01,ATL,"Atlanta, GA",Georgia,1138,12,4,91,620,0,0,0,11,0,"On Time"
2024,1,2024-01-01,MDT,"Harrisburg, PA",Pennsylvania,1418,15,5,89,620,0,0,0,14,0,"On Time"
2024,1,2024-01-01,JFK,"New York, NY","New York",1934,30,7,43,209,0,0,0,19,0,"On Time"
2024,1,2024-01-01,DTW,"Detroit, MI",Michigan,1704,26,8,85,629,0,0,0,17,0,"On Time"
2024,1,2024-01-01,LGA,"New York, NY","New York",1104,17,4,89,563,0,0,0,11,0,"On Time"
2024,1,2024-01-01,MYR,"Myrtle Beach, SC","South Carolina",1430,13,4,74,563,0,0,0,14,0,"On Time"
2024,1,2024-01-01,DTW,"Detroit, MI",Michigan,1210,19,6,59,349,0,0,0,12,0,"On Time"
2024,1,2024-01-01,MQT,"Marquette, MI",Michigan,1431,25,17,53,349,0,0,0,14,0,"On Time"
2024,1,2024-01-01,LGA,"New York, NY","New York",1810,17,4,28,143,0,0,0,18,0,"On Time"
2024,1,2024-01-01,DSM,"Des Moines, IA",Iowa,1219,10,14,42,232,0,0,0,12,0,"On Time"
2024,1,2024-01-01,MSP,"Minneapolis, MN",Minnesota,955,19,4,42,232,0,0,0,9,0,"On Time"
2024,1,2024-01-01,OAJ,"Jacksonville/Camp Lejeune, NC","North Carolina",555,24,6,73,399,0,0,0,5,0,"On Time"
2024,1,2024-01-01,JFK,"New York, NY","New York",1655,25,5,89,665,0,0,0,16,0,"On Time"
2024,1,2024-01-01,ATL,"Atlanta, GA",Georgia,1255,15,4,63,457,0,0,0,12,0,"On Time"
2024,1,2024-01-01,CHO,"Charlottesville, VA",Virginia,1504,13,7,72,457,0,0,0,15,0,"On Time"
2024,1,2024-01-01,ATL,"Atlanta, GA",Georgia,1951,14,4,80,500,0,0,0,19,0,"On Time"
2024,1,2024-01-01,BHM,"Birmingham, AL",Alabama,949,18,7,103,866,0,0,0,9,0,"On Time"
2024,1,2024-01-01,ATL,"Atlanta, GA",Georgia,2055,16,17,88,563,0,0,0,20,0,"On Time"
2024,1,2024-01-01,ATL,"Atlanta, GA",Georgia,2101,17,4,33,170,0,0,0,21,0,"On Time"
2024,1,2024-01-01,ATL,"Atlanta, GA",Georgia,1107,18,5,114,782,0,0,0,11,0,"On Time"
2024,1,2024-01-01,ICT,"Wichita, KS",Kansas,1332,13,8,94,782,0,0,0,13,0,"On Time"
2024,1,2024-01-01,AEX,"Alexandria, LA",Louisiana,555,10,8,68,500,0,0,0,5,0,"On Time"
2024,1,2024-01-01,DTW,"Detroit, MI",Michigan,1645,28,3,83,610,0,0,0,16,0,"On Time"
2024,1,2024-01-01,MLI,"Moline, IL",Illinois,555,11,42,87,633,0,0,0,5,0,"On Time"
2024,1,2024-01-01,SDF,"Louisville, KY",Kentucky,720,16,11,52,306,0,0,0,7,0,"On Time"
2024,1,2024-01-01,ATW,"Appleton, WI",Wisconsin,518,30,4,104,765,0,0,0,5,0,"On Time"
2024,1,2024-01-01,DTW,"Detroit, MI",Michigan,1007,19,3,93,668,0,0,0,10,0,"On Time"
2024,1,2024-01-01,PWM,"Portland, ME",Maine,1247,11,7,100,668,0,0,0,12,0,"On Time"
2024,1,2024-01-01,DSM,"Des Moines, IA",Iowa,1555,12,4,139,1031,0,0,0,15,0,"On Time"
2024,1,2024-01-01,LGA,"New York, NY","New York",1303,22,3,133,1031,0,0,0,13,0,"On Time"
2024,1,2024-01-01,ATL,"Atlanta, GA",Georgia,821,15,8,63,341,0,0,0,8,0,"On Time"
2024,1,2024-01-01,JAN,"Jackson/Vicksburg, MS",Mississippi,936,12,8,49,341,0,0,0,9,0,"On Time"
2024,1,2024-01-01,DTW,"Detroit, MI",Michigan,1551,17,5,49,306,0,0,0,15,0,"On Time"
2024,1,2024-01-01,SDF,"Louisville, KY",Kentucky,1749,15,8,57,306,0,0,0,17,0,"On Time"
2024,1,2024-01-01,ATL,"Atlanta, GA",Georgia,858,19,3,24,106,0,0,0,8,0,"On Time"
2024,1,2024-01-01,CHA,"Chattanooga, TN",Tennessee,1043,10,8,28,106,0,0,0,10,0,"On Time"
2024,1,2024-01-01,CWA,"Mosinee, WI",Wisconsin,1610,12,5,38,175,0,0,0,16,0,"On Time"
2024,1,2024-01-01,MSP,"Minneapolis, MN",Minnesota,1420,9,3,40,175,0,0,0,14,0,"On Time"
2024,1,2024-01-01,OMA,"Omaha, NE",Nebraska,556,29,10,100,651,0,0,0,5,0,"On Time"
2024,1,2024-01-01,MSN,"Madison, WI",Wisconsin,1445,11,14,41,228,0,0,0,14,0,"On Time"
2024,1,2024-01-01,MSP,"Minneapolis, MN",Minnesota,1100,16,3,43,228,0,0,0,11,0,"On Time"
2024,1,2024-01-01,ATL,"Atlanta, GA",Georgia,1002,16,3,60,363,0,0,0,10,0,"On Time"
2024,1,2024-01-01,CRW,"Charleston/Dunbar, WV","West Virginia",1219,14,5,58,363,0,0,0,12,0,"On Time"
2024,1,2024-01-01,CLE,"Cleveland, OH",Ohio,1021,30,9,24,95,0,0,0,10,0,"On Time"
2024,1,2024-01-01,DTW,"Detroit, MI",Michigan,826,14,6,23,95,0,0,0,8,0,"On Time"
2024,1,2024-01-01,MSP,"Minneapolis, MN",Minnesota,2012,49,3,38,228,0,0,0,20,0,"On Time"
2024,1,2024-01-01,TRI,"Bristol/Johnson City/Kingsport, TN",Tennessee,621,8,5,41,227,0,0,0,6,0,"On Time"
2024,1,2024-01-01,DTW,"Detroit, MI",Michigan,1612,15,4,63,443,0,0,0,16,0,"On Time"
2024,1,2024-01-01,ATL,"Atlanta, GA",Georgia,1313,12,3,106,780,0,0,0,13,0,"On Time"
2024,1,2024-01-01,HPN,"White Plains, NY","New York",1610,14,8,112,780,0,0,0,16,0,"On Time"
2024,1,2024-01-01,ATL,"Atlanta, GA",Georgia,1152,12,7,86,503,0,0,0,11,0,"On Time"
2024,1,2024-01-01,LFT,"Lafayette, LA",Louisiana,1319,13,5,64,503,0,0,0,13,0,"On Time"
2024,1,2024-01-01,DTW,"Detroit, MI",Michigan,1611,23,5,28,120,0,0,0,16,0,"On Time"
2024,1,2024-01-01,GRR,"Grand Rapids, MI",Michigan,1746,22,5,30,120,0,0,0,17,0,"On Time"
2024,1,2024-01-01,LGA,"New York, NY","New York",1726,29,7,46,254,0,0,0,17,0,"On Time"
2024,1,2024-01-01,CID,"Cedar Rapids/Iowa City, IA",Iowa,1558,24,9,46,220,0,0,0,15,0,"On Time"
2024,1,2024-01-01,MSP,"Minneapolis, MN",Minnesota,1311,15,5,42,220,0,0,0,13,0,"On Time"
2024,1,2024-01-01,ATL,"Atlanta, GA",Georgia,1056,14,4,54,399,0,0,0,10,0,"On Time"
2024,1,2024-01-01,OAJ,"Jacksonville/Camp Lejeune, NC","North Carolina",1309,11,5,75,399,0,0,0,13,0,"On Time"
2024,1,2024-01-01,SAV,"Savannah, GA",Georgia,725,16,7,95,722,0,0,0,7,0,"On Time"
2024,1,2024-01-01,ATL,"Atlanta, GA",Georgia,1539,12,3,77,453,0,0,0,15,0,"On Time"
2024,1,2024-01-01,LIT,"Little Rock, AR",Arkansas,1704,13,4,63,453,0,0,0,17,0,"On Time"
2024,1,2024-01-01,ATL,"Atlanta, GA",Georgia,1517,16,4,61,341,0,0,0,15,0,"On Time"
2024,1,2024-01-01,JAN,"Jackson/Vicksburg, MS",Mississippi,1636,14,22,50,341,0,0,0,16,0,"On Time"
2024,1,2024-01-01,LFT,"Lafayette, LA",Louisiana,555,13,14,70,503,0,0,0,5,0,"On Time"
2024,1,2024-01-01,DTW,"Detroit, MI",Michigan,1022,15,9,74,456,0,0,0,10,0,"On Time"
2024,1,2024-01-01,RIC,"Richmond, VA",Virginia,1312,9,13,82,456,0,0,0,13,0,"On Time"
2024,1,2024-01-01,LGA,"New York, NY","New York",1025,18,7,118,888,0,0,0,10,0,"On Time"
2024,1,2024-01-01,CVG,"Cincinnati, OH",Kentucky,1333,11,11,43,229,0,0,0,13,0,"On Time"
2024,1,2024-01-01,DTW,"Detroit, MI",Michigan,1019,18,3,40,229,0,0,0,10,0,"On Time"
2024,1,2024-01-01,LGA,"New York, NY","New York",1746,16,5,92,647,0,0,0,17,0,"On Time"
2024,1,2024-01-01,DTW,"Detroit, MI",Michigan,1549,16,6,63,440,0,0,0,15,0,"On Time"
2024,1,2024-01-01,STL,"St. Louis, MO",Missouri,1724,15,9,72,440,0,0,0,17,0,"On Time"
2024,1,2024-01-01,DTW,"Detroit, MI",Michigan,835,21,3,50,311,0,0,0,8,0,"On Time"
2024,1,2024-01-01,MSN,"Madison, WI",Wisconsin,1051,10,9,52,311,0,0,0,10,0,"On Time"
2024,1,2024-01-01,DTW,"Detroit, MI",Michigan,959,26,3,50,296,0,0,0,9,0,"On Time"
2024,1,2024-01-01,ROC,"Rochester, NY","New York",1231,20,6,49,296,0,0,0,12,0,"On Time"
2024,1,2024-01-01,ATL,"Atlanta, GA",Georgia,2006,16,2,104,707,0,0,0,20,0,"On Time"
2024,1,2024-01-01,CHO,"Charlottesville, VA",Virginia,613,17,8,73,457,0,0,0,6,0,"On Time"
2024,1,2024-01-01,TYS,"Knoxville, TN",Tennessee,927,10,4,80,647,0,0,0,9,0,"On Time"
2024,1,2024-01-01,ILM,"Wilmington, NC","North Carolina",1156,15,5,70,500,0,0,0,11,0,"On Time"
2024,1,2024-01-01,LGA,"New York, NY","New York",902,19,27,83,500,0,0,0,9,0,"On Time"
2024,1,2024-01-01,PVD,"Providence, RI","Rhode Island",655,29,8,34,143,0,0,0,6,0,"On Time"
2024,1,2024-01-01,CRW,"Charleston/Dunbar, WV","West Virginia",609,37,7,60,363,0,0,0,6,0,"On Time"
2024,1,2024-01-01,ATL,"Atlanta, GA",Georgia,2204,16,3,44,241,0,0,0,22,0,"On Time"
2024,1,2024-01-01,DTW,"Detroit, MI",Michigan,1541,14,3,89,651,0,0,0,15,0,"On Time"
2024,1,2024-01-01,ATL,"Atlanta, GA",Georgia,1819,20,5,55,304,0,0,0,18,0,"On Time"
2024,1,2024-01-01,TYS,"Knoxville, TN",Tennessee,712,17,10,69,443,0,0,0,7,0,"On Time"
2024,1,2024-01-01,GRR,"Grand Rapids, MI",Michigan,1336,18,10,89,618,0,0,0,13,0,"On Time"
2024,1,2024-01-01,MEM,"Memphis, TN",Tennessee,617,25,9,86,610,0,0,0,6,0,"On Time"
2024,1,2024-01-01,ATL,"Atlanta, GA",Georgia,2203,23,8,86,503,0,0,0,22,0,"On Time"
2024,1,2024-01-01,ATL,"Atlanta, GA",Georgia,1340,13,5,65,432,0,0,0,13,0,"On Time"
2024,1,2024-01-01,DAY,"Dayton, OH",Ohio,1609,30,4,66,432,0,0,0,16,0,"On Time"
2024,1,2024-01-01,ATL,"Atlanta, GA",Georgia,1514,17,4,54,304,0,0,0,15,0,"On Time"
2024,1,2024-01-01,LEX,"Lexington, KY",Kentucky,1727,11,14,60,304,0,0,0,17,0,"On Time"
2024,1,2024-01-01,STL,"St. Louis, MO",Missouri,718,12,6,67,440,35,0,0,7,35,"Moderate Delay"
2024,1,2024-01-01,ATL,"Atlanta, GA",Georgia,1420,15,2,24,106,0,0,0,14,0,"On Time"
2024,1,2024-01-01,CHA,"Chattanooga, TN",Tennessee,1554,13,3,31,106,0,0,0,15,0,"On Time"
2024,1,2024-01-01,MSP,"Minneapolis, MN",Minnesota,2015,58,8,85,622,0,0,0,20,0,"On Time"
2024,1,2024-01-01,DTW,"Detroit, MI",Michigan,2119,14,3,88,615,0,0,0,21,0,"On Time"
2024,1,2024-01-01,ROC,"Rochester, NY","New York",605,33,11,50,296,0,0,0,6,0,"On Time"
2024,1,2024-01-01,JFK,"New York, NY","New York",1500,22,6,73,425,0,0,0,15,0,"On Time"
2024,1,2024-01-01,DTW,"Detroit, MI",Michigan,2130,20,7,55,296,0,0,0,21,0,"On Time"
2024,1,2024-01-01,ATL,"Atlanta, GA",Georgia,1022,21,4,59,357,0,0,0,10,0,"On Time"
2024,1,2024-01-01,ROA,"Roanoke, VA",Virginia,1228,14,6,61,357,0,0,0,12,0,"On Time"
2024,1,2024-01-01,GRB,"Green Bay, WI",Wisconsin,1724,9,11,46,252,0,0,0,17,0,"On Time"
2024,1,2024-01-01,MSP,"Minneapolis, MN",Minnesota,1517,9,4,46,252,0,0,0,15,0,"On Time"
2024,1,2024-01-01,CVG,"Cincinnati, OH",Kentucky,720,28,8,92,585,0,0,0,7,0,"On Time"
2024,1,2024-01-01,GSP,"Greer, SC","South Carolina",1305,13,9,78,610,0,0,0,13,0,"On Time"
2024,1,2024-01-01,LGA,"New York, NY","New York",950,23,23,96,610,0,0,0,9,0,"On Time"
2024,1,2024-01-01,GRB,"Green Bay, WI",Wisconsin,555,11,7,42,252,0,0,0,5,0,"On Time"
2024,1,2024-01-01,LGA,"New York, NY","New York",912,14,9,89,544,0,0,0,9,0,"On Time"
2024,1,2024-01-01,JFK,"New York, NY","New York",1645,17,5,51,266,0,0,0,16,0,"On Time"
2024,1,2024-01-01,ATW,"Appleton, WI",Wisconsin,1721,19,5,46,296,0,0,0,17,0,"On Time"
2024,1,2024-01-01,DTW,"Detroit, MI",Michigan,1605,28,4,61,296,0,0,0,16,0,"On Time"
2024,1,2024-01-01,JFK,"New York, NY","New York",1705,32,8,79,509,0,0,0,17,0,"On Time"
2024,1,2024-01-01,ATL,"Atlanta, GA",Georgia,1441,14,3,57,302,0,0,0,14,0,"On Time"
2024,1,2024-01-01,MOB,"Mobile, AL",Alabama,1553,9,4,48,302,0,0,0,15,0,"On Time"
2024,1,2024-01-01,MSN,"Madison, WI",Wisconsin,526,36,3,95,707,0,0,0,5,0,"On Time"
2024,1,2024-01-01,ATL,"Atlanta, GA",Georgia,1159,15,5,90,563,0,0,0,11,0,"On Time"
2024,1,2024-01-01,SGF,"Springfield, MO",Missouri,1338,13,6,70,563,0,0,0,13,0,"On Time"
2024,1,2024-01-01,LGA,"New York, NY","New York",1541,20,16,53,305,0,0,0,15,0,"On Time"
2024,1,2024-01-01,ATL,"Atlanta, GA",Georgia,903,14,3,81,448,0,0,0,9,0,"On Time"
2024,1,2024-01-01,BTR,"Baton Rouge, LA",Louisiana,1027,13,4,60,448,0,0,0,10,0,"On Time"
2024,1,2024-01-01,ALB,"Albany, NY","New York",650,10,10,27,136,0,0,0,6,0,"On Time"
2024,1,2024-01-01,ATL,"Atlanta, GA",Georgia,1154,17,6,94,589,0,0,0,11,0,"On Time"
2024,1,2024-01-01,XNA,"Fayetteville, AR",Arkansas,1351,16,7,77,589,0,0,0,13,0,"On Time"
2024,1,2024-01-01,GFK,"Grand Forks, ND","North Dakota",503,24,12,48,284,0,0,0,5,0,"On Time"
2024,1,2024-01-01,ATL,"Atlanta, GA",Georgia,1017,12,2,32,164,0,0,0,10,0,"On Time"
2024,1,2024-01-01,AVL,"Asheville, NC","North Carolina",1204,10,3,34,164,0,0,0,12,0,"On Time"
2024,1,2024-01-01,ATL,"Atlanta, GA",Georgia,1855,13,13,32,152,0,0,0,18,0,"On Time"
2024,1,2024-01-01,ATL,"Atlanta, GA",Georgia,2009,19,6,111,765,0,0,0,20,0,"On Time"
2024,1,2024-01-01,ATL,"Atlanta, GA",Georgia,2059,13,3,56,399,0,0,0,20,0,"On Time"
2024,1,2024-01-01,LGA,"New York, NY","New York",939,27,4,88,618,0,0,0,9,0,"On Time"
2024,1,2024-01-01,ATL,"Atlanta, GA",Georgia,1923,14,4,74,448,0,0,0,19,0,"On Time"
2024,1,2024-01-01,RDU,"Raleigh/Durham, NC","North Carolina",1109,17,4,59,431,0,0,0,11,0,"On Time"
2024,1,2024-01-01,ATL,"Atlanta, GA",Georgia,815,16,4,32,151,0,0,0,8,0,"On Time"
2024,1,2024-01-01,HSV,"Huntsville, AL",Alabama,905,17,3,30,151,0,0,0,9,0,"On Time"
2024,1,2024-01-01,ATL,"Atlanta, GA",Georgia,2056,19,5,32,152,0,0,0,20,0,"On Time"
2024,1,2024-01-01,ATL,"Atlanta, GA",Georgia,1406,10,5,33,164,0,0,0,14,0,"On Time"
2024,1,2024-01-01,AVL,"Asheville, NC","North Carolina",1929,22,10,31,164,0,0,0,19,0,"On Time"
2024,1,2024-01-01,FLL,"Fort Lauderdale, FL",Florida,1106,31,6,99,680,0,0,0,11,0,"On Time"
2024,1,2024-01-01,RDU,"Raleigh/Durham, NC","North Carolina",815,16,6,97,680,0,0,0,8,0,"On Time"
2024,1,2024-01-01,GSO,"Greensboro/High Point, NC","North Carolina",1147,14,6,66,461,0,0,0,11,0,"On Time"
2024,1,2024-01-01,LGA,"New York, NY","New York",901,14,3,74,461,0,0,0,9,0,"On Time"
2024,1,2024-01-01,LEX,"Lexington, KY",Kentucky,554,15,6,59,304,0,0,0,5,0,"On Time"
2024,1,2024-01-01,ATL,"Atlanta, GA",Georgia,1841,14,3,59,341,0,0,0,18,0,"On Time"
2024,1,2024-01-01,ABE,"Allentown/Bethlehem/Easton, PA",Pennsylvania,558,9,8,102,692,0,0,0,5,0,"On Time"
2024,1,2024-01-01,DTW,"Detroit, MI",Michigan,1014,14,4,77,529,0,0,0,10,0,"On Time"
2024,1,2024-01-01,ORF,"Norfolk, VA",Virginia,1251,12,9,87,529,0,0,0,12,0,"On Time"
2024,1,2024-01-01,VLD,"Valdosta, GA",Georgia,601,14,5,48,208,0,0,0,6,0,"On Time"
2024,1,2024-01-01,MSP,"Minneapolis, MN",Minnesota,2009,50,5,37,220,0,0,0,20,0,"On Time"
2024,1,2024-01-01,BUF,"Buffalo, NY","New York",1355,14,10,58,301,0,0,0,13,0,"On Time"
2024,1,2024-01-01,ATL,"Atlanta, GA",Georgia,2138,14,4,46,227,0,0,0,21,0,"On Time"
2024,1,2024-01-01,CLE,"Cleveland, OH",Ohio,1636,14,17,73,425,0,0,0,16,0,"On Time"
2024,1,2024-01-01,JFK,"New York, NY","New York",1005,16,10,102,636,0,0,0,10,0,"On Time"
2024,1,2024-01-01,ATL,"Atlanta, GA",Georgia,1928,17,3,98,692,0,0,0,19,0,"On Time"
2024,1,2024-01-01,ATL,"Atlanta, GA",Georgia,910,16,4,43,227,0,0,0,9,0,"On Time"
2024,1,2024-01-01,TRI,"Bristol/Johnson City/Kingsport, TN",Tennessee,1110,10,5,42,227,0,0,0,11,0,"On Time"
2024,1,2024-01-01,DTW,"Detroit, MI",Michigan,1229,13,5,24,74,0,0,0,12,0,"On Time"
2024,1,2024-01-01,LAN,"Lansing, MI",Michigan,1359,21,9,26,74,0,0,0,13,0,"On Time"
2024,1,2024-01-01,ATL,"Atlanta, GA",Georgia,1109,20,5,32,151,0,0,0,11,0,"On Time"
2024,1,2024-01-01,HSV,"Huntsville, AL",Alabama,1155,21,8,34,151,0,0,0,11,0,"On Time"
2024,1,2024-01-01,LAN,"Lansing, MI",Michigan,515,38,11,20,74,0,0,0,5,0,"On Time"
2024,1,2024-01-01,TYS,"Knoxville, TN",Tennessee,906,14,4,31,152,0,0,0,9,0,"On Time"
2024,1,2024-01-01,MSP,"Minneapolis, MN",Minnesota,805,20,7,70,448,0,0,0,8,0,"On Time"
2024,1,2024-01-01,STL,"St. Louis, MO",Missouri,1036,13,9,70,448,0,0,0,10,0,"On Time"
2024,1,2024-01-01,LGA,"New York, NY","New York",1810,21,5,103,722,0,0,0,18,0,"On Time"
2024,1,2024-01-01,DTW,"Detroit, MI",Michigan,2046,16,5,57,287,0,0,0,20,0,"On Time"
2024,1,2024-01-01,DTW,"Detroit, MI",Michigan,2036,15,5,68,440,0,0,0,20,0,"On Time"
2024,1,2024-01-01,DTW,"Detroit, MI",Michigan,1456,15,11,80,509,0,0,0,14,0,"On Time"
2024,1,2024-01-01,DTW,"Detroit, MI",Michigan,1022,26,8,78,500,0,0,0,10,0,"On Time"
2024,1,2024-01-01,JFK,"New York, NY","New York",1456,28,5,64,228,0,0,0,14,0,"On Time"
2024,1,2024-01-01,JFK,"New York, NY","New York",1931,35,6,84,589,0,0,0,19,0,"On Time"
2024,1,2024-01-01,AZO,"Kalamazoo, MI",Michigan,615,26,6,26,113,0,0,0,6,0,"On Time"
2024,1,2024-01-01,JFK,"New York, NY","New York",1949,23,4,56,301,0,0,0,19,0,"On Time"
2024,1,2024-01-01,ATL,"Atlanta, GA",Georgia,1024,18,3,45,208,0,0,0,10,0,"On Time"
2024,1,2024-01-01,VLD,"Valdosta, GA",Georgia,1206,11,4,50,208,0,0,0,12,0,"On Time"
2024,1,2024-01-01,SGF,"Springfield, MO",Missouri,611,12,21,76,563,0,0,0,6,0,"On Time"
2024,1,2024-01-01,DTW,"Detroit, MI",Michigan,1559,32,5,74,456,0,0,0,15,0,"On Time"
2024,1,2024-01-01,LGA,"New York, NY","New York",948,22,4,110,722,0,0,0,9,0,"On Time"
2024,1,2024-01-01,SAV,"Savannah, GA",Georgia,1348,9,5,90,722,0,0,0,13,0,"On Time"
2024,1,2024-01-01,TYS,"Knoxville, TN",Tennessee,647,12,7,31,152,0,0,0,6,0,"On Time"
2024,1,2024-01-01,JFK,"New York, NY","New York",1755,44,8,106,765,0,0,0,17,0,"On Time"
2024,1,2024-01-01,AZO,"Kalamazoo, MI",Michigan,1357,19,9,28,113,0,0,0,13,0,"On Time"
2024,1,2024-01-01,DTW,"Detroit, MI",Michigan,1212,21,2,28,113,0,0,0,12,0,"On Time"
2024,1,2024-01-01,LGA,"New York, NY","New York",1815,21,6,76,431,0,0,0,18,0,"On Time"
2024,1,2024-01-01,JFK,"New York, NY","New York",708,15,10,85,509,0,0,0,7,0,"On Time"
2024,1,2024-01-01,CID,"Cedar Rapids/Iowa City, IA",Iowa,629,15,8,45,220,0,0,0,6,0,"On Time"
2024,1,2024-01-01,JFK,"New York, NY","New York",1930,28,2,40,189,0,0,0,19,0,"On Time"
2024,1,2024-01-01,CHS,"Charleston, SC","South Carolina",823,12,9,83,641,0,0,0,8,0,"On Time"
2024,1,2024-01-01,BUF,"Buffalo, NY","New York",1251,25,8,44,241,0,0,0,12,0,"On Time"
2024,1,2024-01-01,DTW,"Detroit, MI",Michigan,957,13,4,44,241,0,0,0,9,0,"On Time"
2024,1,2024-01-01,DTW,"Detroit, MI",Michigan,1555,13,4,79,533,0,0,0,15,0,"On Time"
2024,1,2024-01-01,ATL,"Atlanta, GA",Georgia,2236,15,4,55,304,0,0,0,22,0,"On Time"
2024,1,2024-01-01,DTW,"Detroit, MI",Michigan,2137,11,2,26,113,0,0,0,21,0,"On Time"
2024,1,2024-01-01,JFK,"New York, NY","New York",1615,28,8,50,264,0,0,0,16,0,"On Time"
2024,1,2024-01-01,ATW,"Appleton, WI",Wisconsin,655,9,9,52,296,0,0,0,6,0,"On Time"
2024,1,2024-01-01,IAD,"Washington, DC",Virginia,1520,16,8,49,228,0,0,0,15,0,"On Time"
2024,1,2024-01-01,AGS,"Augusta, GA",Georgia,1845,20,7,35,143,0,0,0,18,0,"On Time"
2024,1,2024-01-01,ATL,"Atlanta, GA",Georgia,1705,14,3,34,143,0,0,0,17,0,"On Time"
2024,1,2024-01-01,DTW,"Detroit, MI",Michigan,822,16,5,86,629,0,0,0,8,0,"On Time"
2024,1,2024-01-01,MCI,"Kansas City, MO",Missouri,1158,14,5,146,1107,0,0,0,11,0,"On Time"
2024,1,2024-01-01,LGA,"New York, NY","New York",1152,20,4,90,585,0,0,0,11,0,"On Time"
2024,1,2024-01-01,BOS,"Boston, MA",Massachusetts,1408,17,15,107,752,0,0,0,14,0,"On Time"
2024,1,2024-01-01,MKE,"Milwaukee, WI",Wisconsin,1728,16,5,45,237,0,0,0,17,0,"On Time"
2024,1,2024-01-01,DTW,"Detroit, MI",Michigan,1006,17,4,62,374,0,0,0,10,0,"On Time"
2024,1,2024-01-01,RIC,"Richmond, VA",Virginia,539,20,9,77,456,0,0,0,5,0,"On Time"
2024,1,2024-01-01,PWM,"Portland, ME",Maine,720,9,7,48,269,0,0,0,7,0,"On Time"
2024,1,2024-01-01,DTW,"Detroit, MI",Michigan,1017,15,4,47,287,0,0,0,10,0,"On Time"
2024,1,2024-01-01,GRB,"Green Bay, WI",Wisconsin,1224,14,7,53,287,0,0,0,12,0,"On Time"
2024,1,2024-01-01,BWI,"Baltimore, MD",Maryland,1652,22,7,42,184,0,0,0,16,0,"On Time"
2024,1,2024-01-01,JFK,"New York, NY","New York",1444,25,6,40,184,0,0,0,14,0,"On Time"
2024,1,2024-01-01,ABE,"Allentown/Bethlehem/Easton, PA",Pennsylvania,1240,13,5,99,692,0,0,0,12,0,"On Time"
2024,1,2024-01-01,ATL,"Atlanta, GA",Georgia,950,29,3,92,692,0,0,0,9,0,"On Time"
2024,1,2024-01-01,CLE,"Cleveland, OH",Ohio,825,26,6,69,419,0,0,0,8,0,"On Time"
2024,1,2024-01-01,BMI,"Bloomington/Normal, IL",Illinois,550,23,6,77,533,0,0,0,5,0,"On Time"
2024,1,2024-01-01,CWA,"Mosinee, WI",Wisconsin,640,11,10,30,175,0,0,0,6,0,"On Time"
2024,1,2024-01-01,MSN,"Madison, WI",Wisconsin,545,12,9,43,228,0,0,0,5,0,"On Time"
2024,1,2024-01-01,BGM,"Binghamton, NY","New York",658,46,7,35,147,0,0,0,6,0,"On Time"
2024,1,2024-01-01,ATL,"Atlanta, GA",Georgia,1514,10,5,79,533,0,0,0,15,0,"On Time"
2024,1,2024-01-01,BMI,"Bloomington/Normal, IL",Illinois,1630,10,9,72,533,0,0,0,16,0,"On Time"
2024,1,2024-01-01,AVL,"Asheville, NC","North Carolina",1419,15,6,81,599,0,0,0,14,0,"On Time"
2024,1,2024-01-01,LGA,"New York, NY","New York",1110,15,3,96,599,0,0,0,11,0,"On Time"
2024,1,2024-01-01,CVG,"Cincinnati, OH",Kentucky,1151,12,7,90,596,0,0,0,11,0,"On Time"
2024,1,2024-01-01,MSP,"Minneapolis, MN",Minnesota,705,17,4,83,596,0,0,0,7,0,"On Time"
2024,1,2024-01-01,RDU,"Raleigh/Durham, NC","North Carolina",800,26,10,64,427,0,0,0,8,0,"On Time"
2024,1,2024-01-01,ROC,"Rochester, NY","New York",655,28,8,45,254,0,0,0,6,0,"On Time"
2024,1,2024-01-01,CHO,"Charlottesville, VA",Virginia,1111,23,6,45,305,0,0,0,11,0,"On Time"
2024,1,2024-01-01,LGA,"New York, NY","New York",1711,19,3,89,660,0,0,0,17,0,"On Time"
2024,1,2024-01-01,DSM,"Des Moines, IA",Iowa,641,11,12,46,232,0,0,0,6,0,"On Time"
2024,1,2024-01-01,MCI,"Kansas City, MO",Missouri,621,16,11,95,629,0,0,0,6,0,"On Time"
2024,1,2024-01-01,MSP,"Minneapolis, MN",Minnesota,1947,40,4,38,232,0,0,0,19,0,"On Time"
2024,1,2024-01-01,MSP,"Minneapolis, MN",Minnesota,1027,13,5,86,596,0,0,0,10,0,"On Time"
2024,1,2024-01-01,CLT,"Charlotte, NC","North Carolina",1303,14,9,78,500,0,0,0,13,0,"On Time"
2024,1,2024-01-01,CAE,"Columbia, SC","South Carolina",1640,10,5,78,617,0,0,0,16,0,"On Time"
2024,1,2024-01-01,LGA,"New York, NY","New York",1344,17,3,91,617,0,0,0,13,0,"On Time"
2024,1,2024-01-01,LGA,"New York, NY","New York",1938,16,3,29,147,0,0,0,19,0,"On Time"
2024,1,2024-01-01,DTW,"Detroit, MI",Michigan,1009,23,2,27,120,0,0,0,10,0,"On Time"
2024,1,2024-01-01,ATL,"Atlanta, GA",Georgia,2138,13,5,85,533,0,0,0,21,0,"On Time"
2024,1,2024-01-01,DSM,"Des Moines, IA",Iowa,621,12,9,87,533,0,0,0,6,0,"On Time"
2024,1,2024-01-01,CVG,"Cincinnati, OH",Kentucky,1500,12,10,99,589,0,0,0,15,0,"On Time"
2024,1,2024-01-01,MSP,"Minneapolis, MN",Minnesota,2119,32,4,49,284,0,0,0,21,0,"On Time"
2024,1,2024-01-01,XNA,"Fayetteville, AR",Arkansas,602,17,27,76,589,0,0,0,6,0,"On Time"
2024,1,2024-01-01,ATL,"Atlanta, GA",Georgia,1505,19,5,41,226,0,0,0,15,0,"On Time"
2024,1,2024-01-01,CLT,"Charlotte, NC","North Carolina",1716,20,14,44,226,0,0,0,17,0,"On Time"
2024,1,2024-01-01,DTW,"Detroit, MI",Michigan,1006,16,8,73,509,0,0,0,10,0,"On Time"
2024,1,2024-01-01,ATL,"Atlanta, GA",Georgia,1344,19,6,101,674,0,0,0,13,0,"On Time"
2024,1,2024-01-01,TUL,"Tulsa, OK",Oklahoma,1543,13,11,86,674,0,0,0,15,0,"On Time"
2024,1,2024-01-01,JFK,"New York, NY","New York",1248,27,5,77,427,0,0,0,12,0,"On Time"
2024,1,2024-01-01,BGR,"Bangor, ME",Maine,1358,18,7,69,382,0,0,0,13,0,"On Time"
2024,1,2024-01-01,JFK,"New York, NY","New York",1120,22,5,62,382,0,0,0,11,0,"On Time"
2024,1,2024-01-01,MKE,"Milwaukee, WI",Wisconsin,1155,10,7,48,237,0,0,0,11,0,"On Time"
2024,1,2024-01-01,JFK,"New York, NY","New York",1637,22,12,83,541,0,0,0,16,0,"On Time"
2024,1,2024-01-01,ATL,"Atlanta, GA",Georgia,1958,17,4,35,208,0,0,0,19,0,"On Time"
2024,1,2024-01-01,DTW,"Detroit, MI",Michigan,1952,49,9,83,509,0,0,0,19,0,"On Time"
2024,1,2024-01-01,RST,"Rochester, MN",Minnesota,505,22,16,19,76,0,0,0,5,0,"On Time"
2024,1,2024-01-01,MSP,"Minneapolis, MN",Minnesota,2207,44,3,19,76,0,0,0,22,0,"On Time"
2024,1,2024-01-01,GRB,"Green Bay, WI",Wisconsin,657,16,11,49,287,0,0,0,6,0,"On Time"
2024,1,2024-01-01,ATL,"Atlanta, GA",Georgia,903,24,4,54,304,0,0,0,9,0,"On Time"
2024,1,2024-01-01,LEX,"Lexington, KY",Kentucky,1113,12,4,61,304,0,0,0,11,0,"On Time"
2024,1,2024-01-01,LGA,"New York, NY","New York",1037,21,3,141,963,0,0,0,10,0,"On Time"
2024,1,2024-01-01,MEM,"Memphis, TN",Tennessee,1346,14,8,138,963,0,0,0,13,0,"On Time"
2024,1,2024-01-01,DTW,"Detroit, MI",Michigan,957,19,6,39,231,0,0,0,9,0,"On Time"
2024,1,2024-01-01,ATL,"Atlanta, GA",Georgia,1408,11,4,45,227,0,0,0,14,0,"On Time"
2024,1,2024-01-01,TRI,"Bristol/Johnson City/Kingsport, TN",Tennessee,1604,18,3,39,227,0,0,0,16,0,"On Time"
2024,1,2024-01-01,CVG,"Cincinnati, OH",Kentucky,939,12,4,117,879,0,0,0,9,0,"On Time"
2024,1,2024-01-01,RSW,"Fort Myers, FL",Florida,1253,16,5,123,879,0,0,0,12,0,"On Time"
2024,1,2024-01-01,CHS,"Charleston, SC","South Carolina",704,15,17,79,636,0,0,0,7,0,"On Time"
2024,1,2024-01-01,ATL,"Atlanta, GA",Georgia,1140,17,3,31,147,0,0,0,11,0,"On Time"
2024,1,2024-01-01,MGM,"Montgomery, AL",Alabama,1428,10,7,33,147,0,0,0,14,0,"On Time"
2024,1,2024-01-01,DTW,"Detroit, MI",Michigan,2115,19,6,49,306,0,0,0,21,0,"On Time"
2024,1,2024-01-01,MSP,"Minneapolis, MN",Minnesota,1259,23,5,130,980,0,0,0,12,0,"On Time"
2024,1,2024-01-01,MLU,"Monroe, LA",Louisiana,554,17,7,63,448,0,0,0,5,0,"On Time"
2024,1,2024-01-01,ATL,"Atlanta, GA",Georgia,1657,13,15,129,907,0,0,0,16,0,"On Time"
2024,1,2024-01-01,SYR,"Syracuse, NY","New York",1246,28,7,58,374,0,0,0,12,0,"On Time"
2024,1,2024-01-01,MSP,"Minneapolis, MN",Minnesota,2009,42,5,45,252,0,0,0,20,0,"On Time"
2024,1,2024-01-01,BHM,"Birmingham, AL",Alabama,1105,10,6,91,625,0,17,0,11,17,"Minor Delay"
2024,1,2024-01-01,DTW,"Detroit, MI",Michigan,924,22,2,103,625,0,17,0,9,17,"Minor Delay"
2024,1,2024-01-01,LGA,"New York, NY","New York",1025,17,7,66,419,0,0,0,10,0,"On Time"
2024,1,2024-01-01,CVG,"Cincinnati, OH",Kentucky,1622,17,6,127,932,0,0,0,16,0,"On Time"
2024,1,2024-01-01,FLL,"Fort Lauderdale, FL",Florida,1946,21,6,132,932,0,0,0,19,0,"On Time"
2024,1,2024-01-01,LGA,"New York, NY","New York",909,13,8,58,292,0,0,0,9,0,"On Time"
2024,1,2024-01-01,RIC,"Richmond, VA",Virginia,1148,20,5,44,292,0,0,0,11,0,"On Time"
2024,1,2024-01-01,DTW,"Detroit, MI",Michigan,2125,27,2,21,74,0,0,0,21,0,"On Time"
2024,1,2024-01-01,CVG,"Cincinnati, OH",Kentucky,1505,10,10,88,596,0,0,0,15,0,"On Time"
2024,1,2024-01-01,CVG,"Cincinnati, OH",Kentucky,1100,30,10,104,752,0,0,0,11,0,"On Time"
2024,1,2024-01-01,MSN,"Madison, WI",Wisconsin,600,24,10,97,708,0,0,0,6,0,"On Time"
2024,1,2024-01-01,CLT,"Charlotte, NC","North Carolina",2306,12,19,82,575,0,0,0,23,0,"On Time"
2024,1,2024-01-01,PHL,"Philadelphia, PA",Pennsylvania,1901,31,7,73,449,0,83,0,19,83,"Moderate Delay"
2024,1,2024-01-01,DFW,"Dallas/Fort Worth, TX",Texas,2134,12,6,73,550,0,0,0,21,0,"On Time"
2024,1,2024-01-01,LAS,"Las Vegas, NV",Nevada,755,18,8,218,1916,0,0,0,7,0,"On Time"
2024,1,2024-01-01,CLT,"Charlotte, NC","North Carolina",2119,20,4,103,708,0,41,0,21,41,"Moderate Delay"
2024,1,2024-01-01,AUS,"Austin, TX",Texas,1940,17,9,153,1090,0,0,0,19,0,"On Time"
2024,1,2024-01-01,CLT,"Charlotte, NC","North Carolina",2033,19,5,93,644,0,0,0,20,0,"On Time"
2024,1,2024-01-01,PHX,"Phoenix, AZ",Arizona,622,21,16,104,868,0,0,0,6,0,"On Time"
2024,1,2024-01-01,SJC,"San Jose, CA",California,605,26,10,175,1438,0,0,0,6,0,"On Time"
2024,1,2024-01-01,HNL,"Honolulu, HI",Hawaii,2001,18,6,371,3784,0,0,0,20,0,"On Time"
2024,1,2024-01-01,DTW,"Detroit, MI",Michigan,543,34,5,148,1145,0,0,0,5,0,"On Time"
2024,1,2024-01-01,DFW,"Dallas/Fort Worth, TX",Texas,1906,17,7,120,999,0,0,0,19,0,"On Time"
2024,1,2024-01-01,DFW,"Dallas/Fort Worth, TX",Texas,1554,12,4,51,247,0,0,0,15,0,"On Time"
2024,1,2024-01-01,DFW,"Dallas/Fort Worth, TX",Texas,1729,17,10,165,1235,0,0,0,17,0,"On Time"
2024,1,2024-01-01,TUS,"Tucson, AZ",Arizona,713,10,11,97,813,0,0,0,7,0,"On Time"
2024,1,2024-01-01,PHL,"Philadelphia, PA",Pennsylvania,1908,16,9,130,1038,0,0,0,19,0,"On Time"
2024,1,2024-01-01,AVP,"Scranton/Wilkes-Barre, PA",Pennsylvania,1723,11,6,80,509,0,0,0,17,0,"On Time"
2024,1,2024-01-01,CLT,"Charlotte, NC","North Carolina",1503,17,5,74,509,0,0,0,15,0,"On Time"
2024,1,2024-01-01,CLT,"Charlotte, NC","North Carolina",1629,31,5,259,1916,0,0,0,16,0,"On Time"
2024,1,2024-01-01,JFK,"New York, NY","New York",901,23,8,153,1089,0,0,0,9,0,"On Time"
2024,1,2024-01-01,CLT,"Charlotte, NC","North Carolina",2233,12,24,66,427,0,0,0,22,0,"On Time"
2024,1,2024-01-01,LAX,"Los Angeles, CA",California,1817,13,9,193,1592,0,0,0,18,0,"On Time"
2024,1,2024-01-01,CID,"Cedar Rapids/Iowa City, IA",Iowa,649,25,20,99,742,0,0,0,6,0,"On Time"
2024,1,2024-01-01,SDF,"Louisville, KY",Kentucky,718,16,15,111,733,0,0,0,7,0,"On Time"
2024,1,2024-01-01,PHL,"Philadelphia, PA",Pennsylvania,1546,15,5,284,2402,0,0,0,15,0,"On Time"
2024,1,2024-01-01,OMA,"Omaha, NE",Nebraska,613,31,16,121,913,0,0,0,6,0,"On Time"
2024,1,2024-01-01,CLT,"Charlotte, NC","North Carolina",2147,15,8,88,573,0,0,0,21,0,"On Time"
2024,1,2024-01-01,CLT,"Charlotte, NC","North Carolina",1302,12,4,254,1773,0,0,0,13,0,"On Time"
2024,1,2024-01-01,MIA,"Miami, FL",Florida,2042,16,6,89,594,0,87,0,20,87,"Moderate Delay"
2024,1,2024-01-01,MIA,"Miami, FL",Florida,840,20,10,90,594,0,0,0,8,0,"On Time"
2024,1,2024-01-01,CLT,"Charlotte, NC","North Carolina",1430,35,8,94,650,0,0,0,14,0,"On Time"
2024,1,2024-01-01,DFW,"Dallas/Fort Worth, TX",Texas,1607,14,8,207,1562,0,13,0,16,13,"Minor Delay"
2024,1,2024-01-01,ATL,"Atlanta, GA",Georgia,754,13,6,87,594,0,0,0,7,0,"On Time"
2024,1,2024-01-01,DFW,"Dallas/Fort Worth, TX",Texas,2218,13,4,77,597,0,57,0,22,57,"Moderate Delay"
2024,1,2024-01-01,CLT,"Charlotte, NC","North Carolina",1308,15,9,89,599,0,0,0,13,0,"On Time"
2024,1,2024-01-01,MIA,"Miami, FL",Florida,2111,17,6,164,1258,0,0,0,21,0,"On Time"
2024,1,2024-01-01,DFW,"Dallas/Fort Worth, TX",Texas,1253,15,4,118,999,0,0,0,12,0,"On Time"
2024,1,2024-01-01,GSO,"Greensboro/High Point, NC","North Carolina",1738,10,13,146,999,0,0,0,17,0,"On Time"
2024,1,2024-01-01,DFW,"Dallas/Fort Worth, TX",Texas,914,15,5,163,1389,0,0,0,9,0,"On Time"
2024,1,2024-01-01,LGA,"New York, NY","New York",1428,16,20,191,1389,0,0,0,14,0,"On Time"
2024,1,2024-01-01,BOS,"Boston, MA",Massachusetts,1247,23,5,298,2300,0,0,0,12,0,"On Time"
2024,1,2024-01-01,ROC,"Rochester, NY","New York",935,25,12,85,573,0,0,0,9,0,"On Time"
2024,1,2024-01-01,CHS,"Charleston, SC","South Carolina",1836,17,6,78,550,0,16,0,18,16,"Minor Delay"
2024,1,2024-01-01,PHL,"Philadelphia, PA",Pennsylvania,1612,13,5,83,550,0,12,0,16,12,"Minor Delay"
2024,1,2024-01-01,AUS,"Austin, TX",Texas,1931,24,8,37,190,0,55,0,19,55,"Moderate Delay"
2024,1,2024-01-01,JAX,"Jacksonville, FL",Florida,1123,21,19,154,918,0,0,0,11,0,"On Time"
2024,1,2024-01-01,PHL,"Philadelphia, PA",Pennsylvania,1209,13,9,104,678,0,0,0,12,0,"On Time"
2024,1,2024-01-01,RIC,"Richmond, VA",Virginia,611,11,5,49,257,0,0,0,6,0,"On Time"
2024,1,2024-01-01,DCA,"Washington, DC",Virginia,1801,15,19,91,612,0,0,0,18,0,"On Time"
2024,1,2024-01-01,BNA,"Nashville, TN",Tennessee,534,15,8,48,328,0,0,0,5,0,"On Time"
2024,1,2024-01-01,ORD,"Chicago, IL",Illinois,1721,10,10,131,977,0,0,0,17,0,"On Time"
2024,1,2024-01-01,MIA,"Miami, FL",Florida,2159,28,6,100,650,0,0,0,21,0,"On Time"
2024,1,2024-01-01,LAX,"Los Angeles, CA",California,903,18,8,141,1235,0,0,0,9,0,"On Time"
2024,1,2024-01-01,CLT,"Charlotte, NC","North Carolina",1835,16,10,75,529,0,0,0,18,0,"On Time"
2024,1,2024-01-01,CLT,"Charlotte, NC","North Carolina",2255,16,4,94,651,0,0,0,22,0,"On Time"
2024,1,2024-01-01,ORD,"Chicago, IL",Illinois,2042,11,8,40,258,0,0,0,20,0,"On Time"
2024,1,2024-01-01,MIA,"Miami, FL",Florida,1652,15,9,160,1258,0,0,0,16,0,"On Time"
2024,1,2024-01-01,DFW,"Dallas/Fort Worth, TX",Texas,1825,16,7,82,631,0,0,0,18,0,"On Time"
2024,1,2024-01-01,CLT,"Charlotte, NC","North Carolina",2034,16,6,103,742,0,0,0,20,0,"On Time"
2024,1,2024-01-01,MIA,"Miami, FL",Florida,1619,16,17,167,1121,0,0,0,16,0,"On Time"
2024,1,2024-01-01,DFW,"Dallas/Fort Worth, TX",Texas,2049,13,3,92,772,0,0,0,20,0,"On Time"
2024,1,2024-01-01,PHX,"Phoenix, AZ",Arizona,930,14,5,105,872,0,0,0,9,0,"On Time"
2024,1,2024-01-01,DFW,"Dallas/Fort Worth, TX",Texas,2052,21,3,76,469,0,0,0,20,0,"On Time"
2024,1,2024-01-01,MFE,"Mission/McAllen/Edinburg, TX",Texas,715,12,15,74,469,0,0,0,7,0,"On Time"
2024,1,2024-01-01,DFW,"Dallas/Fort Worth, TX",Texas,1827,18,13,137,868,0,44,0,18,44,"Moderate Delay"
2024,1,2024-01-01,BFL,"Bakersfield, CA",California,508,31,7,152,1271,0,0,0,5,0,"On Time"
2024,1,2024-01-01,RDU,"Raleigh/Durham, NC","North Carolina",652,12,7,98,700,0,0,0,6,0,"On Time"
2024,1,2024-01-01,DFW,"Dallas/Fort Worth, TX",Texas,1350,11,4,134,989,0,0,0,13,0,"On Time"
2024,1,2024-01-01,SLC,"Salt Lake City, UT",Utah,1608,11,10,128,989,0,0,0,16,0,"On Time"
2024,1,2024-01-01,ELP,"El Paso, TX",Texas,641,21,12,72,551,0,0,0,6,0,"On Time"
2024,1,2024-01-01,DFW,"Dallas/Fort Worth, TX",Texas,2109,25,4,84,551,0,0,0,21,0,"On Time"
2024,1,2024-01-01,DFW,"Dallas/Fort Worth, TX",Texas,1330,14,19,95,641,0,0,0,13,0,"On Time"
2024,1,2024-01-01,CLT,"Charlotte, NC","North Carolina",1056,12,3,88,600,0,0,0,10,0,"On Time"
2024,1,2024-01-01,RSW,"Fort Myers, FL",Florida,1342,14,5,90,600,0,0,0,13,0,"On Time"
2024,1,2024-01-01,MFE,"Mission/McAllen/Edinburg, TX",Texas,533,12,11,88,469,0,0,0,5,0,"On Time"
2024,1,2024-01-01,BNA,"Nashville, TN",Tennessee,1540,13,13,103,631,0,0,0,15,0,"On Time"
2024,1,2024-01-01,DFW,"Dallas/Fort Worth, TX",Texas,1252,13,9,81,631,0,0,0,12,0,"On Time"
2024,1,2024-01-01,ORD,"Chicago, IL",Illinois,1314,12,4,125,1012,0,0,0,13,0,"On Time"
2024,1,2024-01-01,BNA,"Nashville, TN",Tennessee,1012,15,25,99,631,0,0,0,10,0,"On Time"
2024,1,2024-01-01,DFW,"Dallas/Fort Worth, TX",Texas,1925,27,7,182,1272,0,0,0,19,0,"On Time"
2024,1,2024-01-01,GSP,"Greer, SC","South Carolina",513,35,12,142,862,0,0,0,5,0,"On Time"
2024,1,2024-01-01,DFW,"Dallas/Fort Worth, TX",Texas,657,18,11,113,802,0,0,0,6,0,"On Time"
2024,1,2024-01-01,BOI,"Boise, ID",Idaho,606,29,6,158,1272,0,0,0,6,0,"On Time"
2024,1,2024-01-01,DTW,"Detroit, MI",Michigan,510,14,15,137,986,0,0,0,5,0,"On Time"
2024,1,2024-01-01,ORD,"Chicago, IL",Illinois,1156,11,11,102,802,0,0,0,11,0,"On Time"
2024,1,2024-01-01,BDL,"Hartford, CT",Connecticut,746,10,13,107,644,0,0,0,7,0,"On Time"
2024,1,2024-01-01,DFW,"Dallas/Fort Worth, TX",Texas,1945,19,6,180,1271,0,0,0,19,0,"On Time"
2024,1,2024-01-01,CLT,"Charlotte, NC","North Carolina",1841,21,8,164,1095,0,0,0,18,0,"On Time"
2024,1,2024-01-01,BOS,"Boston, MA",Massachusetts,547,10,6,63,280,0,0,0,5,0,"On Time"
2024,1,2024-01-01,PHL,"Philadelphia, PA",Pennsylvania,2115,15,12,166,1303,0,0,0,21,0,"On Time"
2024,1,2024-01-01,LGA,"New York, NY","New York",1849,13,8,157,1096,0,0,0,18,0,"On Time"
2024,1,2024-01-01,MIA,"Miami, FL",Florida,1511,16,5,144,1096,0,22,0,15,22,"Minor Delay"
2024,1,2024-01-01,CLT,"Charlotte, NC","North Carolina",2039,17,4,87,600,0,0,0,20,0,"On Time"
2024,1,2024-01-01,MIA,"Miami, FL",Florida,140,40,4,38,204,0,0,0,1,0,"On Time"
2024,1,2024-01-01,ORD,"Chicago, IL",Illinois,2058,16,4,61,334,0,0,0,20,0,"On Time"
2024,1,2024-01-01,MCO,"Orlando, FL",Florida,1401,10,8,149,1005,0,0,0,14,0,"On Time"
2024,1,2024-01-01,ORD,"Chicago, IL",Illinois,929,12,21,120,1005,0,0,0,9,0,"On Time"
2024,1,2024-01-01,DFW,"Dallas/Fort Worth, TX",Texas,1943,10,5,140,1158,0,0,0,19,0,"On Time"
2024,1,2024-01-01,DFW,"Dallas/Fort Worth, TX",Texas,1617,13,7,113,936,0,0,0,16,0,"On Time"
2024,1,2024-01-01,PHX,"Phoenix, AZ",Arizona,1400,17,13,205,1972,0,0,0,14,0,"On Time"
2024,1,2024-01-01,CMH,"Columbus, OH",Ohio,840,25,8,57,347,0,0,0,8,0,"On Time"
2024,1,2024-01-01,DFW,"Dallas/Fort Worth, TX",Texas,1239,22,4,477,3784,0,0,0,12,0,"On Time"
2024,1,2024-01-01,HNL,"Honolulu, HI",Hawaii,1819,18,5,365,3784,0,0,0,18,0,"On Time"
2024,1,2024-01-01,EYW,"Key West, FL",Florida,1508,16,7,111,736,0,0,0,15,0,"On Time"
2024,1,2024-01-01,ATL,"Atlanta, GA",Georgia,527,12,7,87,594,0,0,0,5,0,"On Time"
2024,1,2024-01-01,CLT,"Charlotte, NC","North Carolina",1240,11,41,105,736,0,0,0,12,0,"On Time"
2024,1,2024-01-01,DCA,"Washington, DC",Virginia,1026,16,8,116,759,0,0,0,10,0,"On Time"
2024,1,2024-01-01,MCO,"Orlando, FL",Florida,1348,17,8,99,759,0,0,0,13,0,"On Time"
2024,1,2024-01-01,DFW,"Dallas/Fort Worth, TX",Texas,1639,19,6,132,868,0,0,0,16,0,"On Time"
2024,1,2024-01-01,AMA,"Amarillo, TX",Texas,916,29,19,45,312,0,0,0,9,0,"On Time"
2024,1,2024-01-01,DCA,"Washington, DC",Virginia,1853,12,17,158,1192,0,0,0,18,0,"On Time"
2024,1,2024-01-01,ORD,"Chicago, IL",Illinois,2043,11,4,62,416,0,0,0,20,0,"On Time"
2024,1,2024-01-01,OGG,"Kahului, HI",Hawaii,1909,12,13,367,3711,0,0,0,19,0,"On Time"
2024,1,2024-01-01,JAX,"Jacksonville, FL",Florida,749,12,13,53,335,0,0,0,7,0,"On Time"
2024,1,2024-01-01,DCA,"Washington, DC",Virginia,1749,16,4,293,2311,0,0,0,17,0,"On Time"
2024,1,2024-01-01,MIA,"Miami, FL",Florida,1613,19,7,131,1013,0,0,0,16,0,"On Time"
2024,1,2024-01-01,PHL,"Philadelphia, PA",Pennsylvania,1214,14,6,139,1013,0,0,0,12,0,"On Time"
2024,1,2024-01-01,CLT,"Charlotte, NC","North Carolina",1612,28,7,170,1032,0,0,0,16,0,"On Time"
2024,1,2024-01-01,DFW,"Dallas/Fort Worth, TX",Texas,2321,9,3,48,312,0,22,0,23,22,"Minor Delay"
2024,1,2024-01-01,CLT,"Charlotte, NC","North Carolina",1427,15,4,106,708,0,0,0,14,0,"On Time"
2024,1,2024-01-01,MSN,"Madison, WI",Wisconsin,1617,15,12,97,708,0,0,0,16,0,"On Time"
2024,1,2024-01-01,JFK,"New York, NY","New York",2008,28,6,304,2475,0,0,0,20,0,"On Time"
2024,1,2024-01-01,SJU,"San Juan, PR","Puerto Rico",1529,23,6,146,1045,0,0,0,15,0,"On Time"
2024,1,2024-01-01,DFW,"Dallas/Fort Worth, TX",Texas,1700,17,5,58,447,0,0,0,17,0,"On Time"
2024,1,2024-01-01,MSY,"New Orleans, LA",Louisiana,1935,9,11,68,447,0,0,0,19,0,"On Time"
2024,1,2024-01-01,AVP,"Scranton/Wilkes-Barre, PA",Pennsylvania,556,22,5,77,509,0,0,0,5,0,"On Time"
2024,1,2024-01-01,ORD,"Chicago, IL",Illinois,1836,29,4,64,413,0,0,0,18,0,"On Time"
2024,1,2024-01-01,JFK,"New York, NY","New York",1824,31,8,155,1089,0,0,0,18,0,"On Time"
2024,1,2024-01-01,CLT,"Charlotte, NC","North Carolina",1828,15,3,89,600,0,0,0,18,0,"On Time"
2024,1,2024-01-01,DCA,"Washington, DC",Virginia,1304,13,16,170,1192,0,0,0,13,0,"On Time"
2024,1,2024-01-01,DFW,"Dallas/Fort Worth, TX",Texas,812,21,3,138,1192,0,0,0,8,0,"On Time"
2024,1,2024-01-01,DCA,"Washington, DC",Virginia,602,14,7,137,919,0,0,0,6,0,"On Time"
2024,1,2024-01-01,ORD,"Chicago, IL",Illinois,1918,17,11,213,1726,0,0,0,19,0,"On Time"
2024,1,2024-01-01,LAX,"Los Angeles, CA",California,700,17,15,302,2475,0,0,0,7,0,"On Time"
2024,1,2024-01-01,CLT,"Charlotte, NC","North Carolina",2245,13,7,38,213,0,0,0,22,0,"On Time"
2024,1,2024-01-01,PHL,"Philadelphia, PA",Pennsylvania,1907,19,11,139,1013,0,0,0,19,0,"On Time"
2024,1,2024-01-01,BWI,"Baltimore, MD",Maryland,555,28,15,136,946,0,0,0,5,0,"On Time"
2024,1,2024-01-01,SJU,"San Juan, PR","Puerto Rico",1646,26,10,274,2072,0,0,0,16,0,"On Time"
2024,1,2024-01-01,CLT,"Charlotte, NC","North Carolina",521,8,8,91,650,0,0,0,5,0,"On Time"
2024,1,2024-01-01,PHX,"Phoenix, AZ",Arizona,2256,13,34,205,1849,0,0,0,22,0,"On Time"
2024,1,2024-01-01,TPA,"Tampa, FL",Florida,859,12,16,145,929,0,0,0,8,0,"On Time"
2024,1,2024-01-01,DFW,"Dallas/Fort Worth, TX",Texas,1141,16,6,472,3711,0,0,0,11,0,"On Time"
2024,1,2024-01-01,AUS,"Austin, TX",Texas,601,16,8,194,1698,0,0,0,6,0,"On Time"
2024,1,2024-01-01,CLT,"Charlotte, NC","North Carolina",1221,9,4,178,1520,0,0,0,12,0,"On Time"
2024,1,2024-01-01,STT,"Charlotte Amalie, VI","U.S. Virgin Islands",1725,20,22,218,1520,0,24,0,17,24,"Minor Delay"
2024,1,2024-01-01,EWR,"Newark, NJ","New Jersey",507,21,7,153,1085,0,0,0,5,0,"On Time"
2024,1,2024-01-01,SMF,"Sacramento, CA",California,2352,11,4,171,1431,0,0,0,23,0,"On Time"
2024,1,2024-01-01,SFO,"San Francisco, CA",California,546,17,13,183,1464,0,0,0,5,0,"On Time"
2024,1,2024-01-01,MIA,"Miami, FL",Florida,958,13,5,95,650,0,0,0,9,0,"On Time"
2024,1,2024-01-01,DCA,"Washington, DC",Virginia,1742,17,14,92,612,0,0,0,17,0,"On Time"
2024,1,2024-01-01,DFW,"Dallas/Fort Worth, TX",Texas,2323,11,4,78,641,0,111,0,23,111,"Severe Delay"
2024,1,2024-01-01,ORD,"Chicago, IL",Illinois,1819,20,20,86,599,0,0,0,18,0,"On Time"
2024,1,2024-01-01,BUF,"Buffalo, NY","New York",602,19,5,85,546,0,0,0,6,0,"On Time"
2024,1,2024-01-01,DFW,"Dallas/Fort Worth, TX",Texas,2240,18,17,42,190,0,0,0,22,0,"On Time"
2024,1,2024-01-01,CLT,"Charlotte, NC","North Carolina",2129,12,4,79,509,0,35,0,21,35,"Moderate Delay"
2024,1,2024-01-01,DFW,"Dallas/Fort Worth, TX",Texas,2041,16,4,124,813,0,0,0,20,0,"On Time"
2024,1,2024-01-01,BUR,"Burbank, CA",California,1220,17,19,148,1231,0,0,0,12,0,"On Time"
2024,1,2024-01-01,DFW,"Dallas/Fort Worth, TX",Texas,1000,11,1,185,1231,0,0,0,10,0,"On Time"
2024,1,2024-01-01,ABQ,"Albuquerque, NM","New Mexico",1047,11,14,82,569,0,0,0,10,0,"On Time"
2024,1,2024-01-01,DFW,"Dallas/Fort Worth, TX",Texas,849,18,4,90,569,0,0,0,8,0,"On Time"
2024,1,2024-01-01,ABQ,"Albuquerque, NM","New Mexico",809,24,4,81,569,0,0,0,8,0,"On Time"
2024,1,2024-01-01,DFW,"Dallas/Fort Worth, TX",Texas,1727,14,9,112,936,0,0,0,17,0,"On Time"
2024,1,2024-01-01,BWI,"Baltimore, MD",Maryland,1925,11,19,165,1217,0,0,0,19,0,"On Time"
2024,1,2024-01-01,DFW,"Dallas/Fort Worth, TX",Texas,1452,12,8,149,1217,0,0,0,14,0,"On Time"
2024,1,2024-01-01,SLC,"Salt Lake City, UT",Utah,514,42,13,133,989,0,0,0,5,0,"On Time"
2024,1,2024-01-01,CLT,"Charlotte, NC","North Carolina",2208,13,7,54,347,0,0,0,22,0,"On Time"
2024,1,2024-01-01,DFW,"Dallas/Fort Worth, TX",Texas,2242,14,7,52,247,0,0,0,22,0,"On Time"
2024,1,2024-01-01,DCA,"Washington, DC",Virginia,1011,21,4,271,1979,0,0,0,10,0,"On Time"
2024,1,2024-01-01,ABQ,"Albuquerque, NM","New Mexico",1349,10,10,147,1118,0,0,0,13,0,"On Time"
2024,1,2024-01-01,ORD,"Chicago, IL",Illinois,1039,14,6,151,1118,0,0,0,10,0,"On Time"
2024,1,2024-01-01,CLT,"Charlotte, NC","North Carolina",1455,19,10,96,728,0,0,0,14,0,"On Time"
2024,1,2024-01-01,PBI,"West Palm Beach/Palm Beach, FL",Florida,651,15,16,166,1102,0,0,0,6,0,"On Time"
2024,1,2024-01-01,DFW,"Dallas/Fort Worth, TX",Texas,1900,20,9,130,868,0,0,0,19,0,"On Time"
2024,1,2024-01-01,CLT,"Charlotte, NC","North Carolina",1206,14,12,75,468,0,0,0,12,0,"On Time"
2024,1,2024-01-01,MCO,"Orlando, FL",Florida,1444,21,4,78,468,0,0,0,14,0,"On Time"
2024,1,2024-01-01,PDX,"Portland, OR",Oregon,1815,10,8,126,1009,0,0,0,18,0,"On Time"
2024,1,2024-01-01,PHX,"Phoenix, AZ",Arizona,1458,22,5,149,1009,0,0,0,14,0,"On Time"
2024,1,2024-01-01,MIA,"Miami, FL",Florida,516,16,20,168,1121,0,0,0,5,0,"On Time"
2024,1,2024-01-01,BWI,"Baltimore, MD",Maryland,930,15,10,67,361,0,0,0,9,0,"On Time"
2024,1,2024-01-01,JAX,"Jacksonville, FL",Florida,1918,14,3,94,634,0,0,0,19,0,"On Time"
2024,1,2024-01-01,DFW,"Dallas/Fort Worth, TX",Texas,933,19,4,478,3784,0,0,0,9,0,"On Time"
2024,1,2024-01-01,ABQ,"Albuquerque, NM","New Mexico",1459,9,13,78,569,0,0,0,14,0,"On Time"
2024,1,2024-01-01,DFW,"Dallas/Fort Worth, TX",Texas,1313,18,5,89,569,0,0,0,13,0,"On Time"
2024,1,2024-01-01,ABQ,"Albuquerque, NM","New Mexico",1200,9,9,77,569,0,0,0,12,0,"On Time"
2024,1,2024-01-01,DFW,"Dallas/Fort Worth, TX",Texas,1008,18,4,91,569,0,0,0,10,0,"On Time"
2024,1,2024-01-01,DFW,"Dallas/Fort Worth, TX",Texas,1814,9,5,41,190,0,0,0,18,0,"On Time"
2024,1,2024-01-01,ANC,"Anchorage, AK",Alaska,2051,11,10,347,3043,0,0,0,20,0,"On Time"
2024,1,2024-01-01,DFW,"Dallas/Fort Worth, TX",Texas,1544,13,3,396,3043,0,0,0,15,0,"On Time"
2024,1,2024-01-01,MIA,"Miami, FL",Florida,819,14,9,160,1258,0,0,0,8,0,"On Time"
2024,1,2024-01-01,ATL,"Atlanta, GA",Georgia,1743,15,4,110,731,0,0,0,17,0,"On Time"
2024,1,2024-01-01,DFW,"Dallas/Fort Worth, TX",Texas,1215,15,6,89,731,0,0,0,12,0,"On Time"
2024,1,2024-01-01,ATL,"Atlanta, GA",Georgia,1927,17,6,85,594,0,0,0,19,0,"On Time"
2024,1,2024-01-01,MIA,"Miami, FL",Florida,1452,23,7,88,594,0,0,0,14,0,"On Time"
2024,1,2024-01-01,PHX,"Phoenix, AZ",Arizona,2204,12,5,47,325,0,0,0,22,0,"On Time"
2024,1,2024-01-01,BOS,"Boston, MA",Massachusetts,750,23,27,117,867,0,0,0,7,0,"On Time"
2024,1,2024-01-01,PHL,"Philadelphia, PA",Pennsylvania,839,13,7,99,666,0,0,0,8,0,"On Time"
2024,1,2024-01-01,STL,"St. Louis, MO",Missouri,602,12,5,123,888,0,0,0,6,0,"On Time"
2024,1,2024-01-01,DFW,"Dallas/Fort Worth, TX",Texas,1936,17,5,160,1171,0,0,0,19,0,"On Time"
2024,1,2024-01-01,DEN,"Denver, CO",Colorado,908,15,11,85,641,0,0,0,9,0,"On Time"
2024,1,2024-01-01,ATL,"Atlanta, GA",Georgia,1453,21,4,96,594,0,0,0,14,0,"On Time"
2024,1,2024-01-01,MIA,"Miami, FL",Florida,1158,17,7,89,594,0,0,0,11,0,"On Time"
2024,1,2024-01-01,MCO,"Orlando, FL",Florida,1734,11,10,154,1005,0,0,0,17,0,"On Time"
2024,1,2024-01-01,ORD,"Chicago, IL",Illinois,1304,13,18,123,1005,0,0,0,13,0,"On Time"
2024,1,2024-01-01,ATL,"Atlanta, GA",Georgia,1810,16,13,116,731,0,0,0,18,0,"On Time"
2024,1,2024-01-01,DFW,"Dallas/Fort Worth, TX",Texas,1420,13,12,90,731,0,0,0,14,0,"On Time"
2024,1,2024-01-01,LGA,"New York, NY","New York",706,13,38,156,1096,0,0,0,7,0,"On Time"
2024,1,2024-01-01,CLE,"Cleveland, OH",Ohio,1112,33,6,69,430,0,0,0,11,0,"On Time"
2024,1,2024-01-01,JFK,"New York, NY","New York",1126,21,7,211,1521,0,0,0,11,0,"On Time"
2024,1,2024-01-01,ATL,"Atlanta, GA",Georgia,1325,27,3,94,666,0,0,0,13,0,"On Time"
2024,1,2024-01-01,DFW,"Dallas/Fort Worth, TX",Texas,1936,18,5,196,1431,0,92,0,19,92,"Severe Delay"
2024,1,2024-01-01,ORD,"Chicago, IL",Illinois,1454,9,10,234,1846,0,0,0,14,0,"On Time"
2024,1,2024-01-01,PHX,"Phoenix, AZ",Arizona,1745,12,13,182,1488,0,45,0,17,45,"Moderate Delay"
2024,1,2024-01-01,DFW,"Dallas/Fort Worth, TX",Texas,1612,16,6,41,190,0,0,0,16,0,"On Time"
2024,1,2024-01-01,BOS,"Boston, MA",Massachusetts,711,22,8,184,1258,0,0,0,7,0,"On Time"
2024,1,2024-01-01,CLE,"Cleveland, OH",Ohio,900,15,10,70,430,0,0,0,9,0,"On Time"
2024,1,2024-01-01,CLE,"Cleveland, OH",Ohio,1728,22,17,138,1021,0,0,0,17,0,"On Time"
2024,1,2024-01-01,MCI,"Kansas City, MO",Missouri,710,20,6,92,460,0,0,0,7,0,"On Time"
2024,1,2024-01-01,LGA,"New York, NY","New York",1224,16,17,189,1389,0,0,0,12,0,"On Time"
2024,1,2024-01-01,SFO,"San Francisco, CA",California,1800,10,12,180,1464,0,0,0,18,0,"On Time"
2024,1,2024-01-01,MSY,"New Orleans, LA",Louisiana,653,13,12,77,651,0,0,0,6,0,"On Time"
2024,1,2024-01-01,DFW,"Dallas/Fort Worth, TX",Texas,1913,22,4,114,1017,0,0,0,19,0,"On Time"
2024,1,2024-01-01,CLT,"Charlotte, NC","North Carolina",1128,12,5,162,1032,0,0,0,11,0,"On Time"
2024,1,2024-01-01,CLT,"Charlotte, NC","North Carolina",2325,21,3,58,331,0,0,0,23,0,"On Time"
2024,1,2024-01-01,DFW,"Dallas/Fort Worth, TX",Texas,1514,30,6,101,918,0,0,0,15,0,"On Time"
2024,1,2024-01-01,JAX,"Jacksonville, FL",Florida,1932,14,14,153,918,0,0,0,19,0,"On Time"
2024,1,2024-01-01,STT,"Charlotte Amalie, VI","U.S. Virgin Islands",1401,15,6,218,1623,0,0,0,14,0,"On Time"
2024,1,2024-01-01,MIA,"Miami, FL",Florida,1948,26,5,151,1194,0,0,0,19,0,"On Time"
2024,1,2024-01-01,DFW,"Dallas/Fort Worth, TX",Texas,1948,19,5,187,1345,0,0,0,19,0,"On Time"
2024,1,2024-01-01,JFK,"New York, NY","New York",1626,20,18,185,1391,0,0,0,16,0,"On Time"
2024,1,2024-01-01,PIT,"Pittsburgh, PA",Pennsylvania,1809,32,14,64,413,0,0,0,18,0,"On Time"
2024,1,2024-01-01,ATL,"Atlanta, GA",Georgia,1203,13,12,112,731,0,0,0,12,0,"On Time"
2024,1,2024-01-01,DFW,"Dallas/Fort Worth, TX",Texas,812,13,6,89,731,0,0,0,8,0,"On Time"
2024,1,2024-01-01,ORD,"Chicago, IL",Illinois,1847,44,6,146,1197,0,0,0,18,0,"On Time"
2024,1,2024-01-01,PHL,"Philadelphia, PA",Pennsylvania,1553,12,4,303,2370,0,0,0,15,0,"On Time"
2024,1,2024-01-01,DFW,"Dallas/Fort Worth, TX",Texas,1310,17,6,45,247,0,0,0,13,0,"On Time"
2024,1,2024-01-01,SAT,"San Antonio, TX",Texas,1515,11,9,41,247,0,0,0,15,0,"On Time"
2024,1,2024-01-01,ALB,"Albany, NY","New York",1231,13,7,102,646,0,0,0,12,0,"On Time"
2024,1,2024-01-01,CLT,"Charlotte, NC","North Carolina",859,12,4,81,646,0,0,0,8,0,"On Time"
2024,1,2024-01-01,RSW,"Fort Myers, FL",Florida,657,13,13,153,1017,0,0,0,6,0,"On Time"
2024,1,2024-01-01,EWR,"Newark, NJ","New Jersey",623,20,5,282,2133,0,0,0,6,0,"On Time"
2024,1,2024-01-01,CLT,"Charlotte, NC","North Carolina",1329,13,7,182,1337,0,0,0,13,0,"On Time"
2024,1,2024-01-01,DEN,"Denver, CO",Colorado,1617,12,16,157,1337,0,0,0,16,0,"On Time"
2024,1,2024-01-01,AUS,"Austin, TX",Texas,1649,11,13,123,1103,0,0,0,16,0,"On Time"
2024,1,2024-01-01,MIA,"Miami, FL",Florida,1406,14,4,158,1103,0,0,0,14,0,"On Time"
2024,1,2024-01-01,CLT,"Charlotte, NC","North Carolina",1001,16,9,167,1032,0,30,0,10,30,"Minor Delay"
2024,1,2024-01-01,DFW,"Dallas/Fort Worth, TX",Texas,907,15,6,87,624,0,0,0,9,0,"On Time"
2024,1,2024-01-01,DSM,"Des Moines, IA",Iowa,1142,9,14,90,624,0,0,0,11,0,"On Time"
2024,1,2024-01-01,CHS,"Charleston, SC","South Carolina",608,13,5,72,489,0,0,0,6,0,"On Time"
2024,1,2024-01-01,RDU,"Raleigh/Durham, NC","North Carolina",828,19,17,103,700,0,0,0,8,0,"On Time"
2024,1,2024-01-01,CLT,"Charlotte, NC","North Carolina",2231,15,9,65,430,0,0,0,22,0,"On Time"
2024,1,2024-01-01,MIA,"Miami, FL",Florida,822,20,5,166,1103,0,0,0,8,0,"On Time"
2024,1,2024-01-01,AUS,"Austin, TX",Texas,2123,13,35,176,1242,0,45,0,21,45,"Moderate Delay"
2024,1,2024-01-01,LAX,"Los Angeles, CA",California,1117,14,7,204,1797,0,57,0,11,57,"Moderate Delay"
2024,1,2024-01-01,STX,"Christiansted, VI","U.S. Virgin Islands",1712,17,8,163,1139,0,0,0,17,0,"On Time"
2024,1,2024-01-01,DFW,"Dallas/Fort Worth, TX",Texas,1008,13,3,102,737,0,0,0,10,0,"On Time"
2024,1,2024-01-01,FSD,"Sioux Falls, SD","South Dakota",1310,10,37,102,737,0,0,0,13,0,"On Time"
2024,1,2024-01-01,IND,"Indianapolis, IN",Indiana,541,64,8,110,761,0,0,0,5,0,"On Time"
2024,1,2024-01-01,TUL,"Tulsa, OK",Oklahoma,558,33,9,51,237,0,0,0,5,0,"On Time"
2024,1,2024-01-01,AUS,"Austin, TX",Texas,1933,16,12,36,190,0,0,0,19,0,"On Time"
2024,1,2024-01-01,CLT,"Charlotte, NC","North Carolina",13,13,4,59,416,0,313,0,0,313,"Severe Delay"
2024,1,2024-01-01,DFW,"Dallas/Fort Worth, TX",Texas,740,18,39,39,190,0,0,0,7,0,"On Time"
2024,1,2024-01-01,PHX,"Phoenix, AZ",Arizona,2241,9,5,48,328,0,0,0,22,0,"On Time"
2024,1,2024-01-01,TPA,"Tampa, FL",Florida,552,11,13,41,204,0,0,0,5,0,"On Time"
2024,1,2024-01-01,ALB,"Albany, NY","New York",1720,11,17,101,646,0,0,0,17,0,"On Time"
2024,1,2024-01-01,CLT,"Charlotte, NC","North Carolina",1441,16,4,88,646,0,0,0,14,0,"On Time"
2024,1,2024-01-01,DEN,"Denver, CO",Colorado,1851,15,7,90,602,0,0,0,18,0,"On Time"
2024,1,2024-01-01,PHX,"Phoenix, AZ",Arizona,1616,21,10,83,602,0,0,0,16,0,"On Time"
2024,1,2024-01-01,CLT,"Charlotte, NC","North Carolina",706,23,17,153,936,0,0,0,7,0,"On Time"
2024,1,2024-01-01,PHX,"Phoenix, AZ",Arizona,1648,18,6,213,1737,0,13,0,16,13,"Minor Delay"
2024,1,2024-01-01,MCO,"Orlando, FL",Florida,1427,17,4,116,861,0,0,0,14,0,"On Time"
2024,1,2024-01-01,PHL,"Philadelphia, PA",Pennsylvania,1041,14,9,125,861,0,0,0,10,0,"On Time"
2024,1,2024-01-01,PHL,"Philadelphia, PA",Pennsylvania,1349,14,11,130,861,0,0,0,13,0,"On Time"
2024,1,2024-01-01,DEN,"Denver, CO",Colorado,1209,13,6,206,1558,0,0,0,12,0,"On Time"
2024,1,2024-01-01,PHL,"Philadelphia, PA",Pennsylvania,902,13,6,205,1558,0,0,0,9,0,"On Time"
2024,1,2024-01-01,PHL,"Philadelphia, PA",Pennsylvania,1833,12,26,200,1430,0,0,0,18,0,"On Time"
2024,1,2024-01-01,IAH,"Houston, TX",Texas,1656,17,14,133,925,0,0,0,16,0,"On Time"
2024,1,2024-01-01,ORD,"Chicago, IL",Illinois,1338,14,8,128,925,0,0,0,13,0,"On Time"
2024,1,2024-01-01,PHL,"Philadelphia, PA",Pennsylvania,1036,20,8,210,1430,0,0,0,10,0,"On Time"
2024,1,2024-01-01,AUS,"Austin, TX",Texas,1812,16,10,121,1032,0,0,0,18,0,"On Time"
2024,1,2024-01-01,CLT,"Charlotte, NC","North Carolina",2322,22,3,55,361,0,125,0,23,125,"Severe Delay"
2024,1,2024-01-01,AUS,"Austin, TX",Texas,1531,23,10,120,1032,0,0,0,15,0,"On Time"
2024,1,2024-01-01,DEN,"Denver, CO",Colorado,1441,18,17,90,641,0,0,0,14,0,"On Time"
2024,1,2024-01-01,DEN,"Denver, CO",Colorado,1838,15,18,85,641,0,0,0,18,0,"On Time"
2024,1,2024-01-01,DFW,"Dallas/Fort Worth, TX",Texas,1635,18,9,98,641,0,0,0,16,0,"On Time"
2024,1,2024-01-01,ORF,"Norfolk, VA",Virginia,1045,11,5,61,290,0,0,0,10,0,"On Time"
2024,1,2024-01-01,BOS,"Boston, MA",Massachusetts,550,10,6,41,184,0,0,0,5,0,"On Time"
2024,1,2024-01-01,DEN,"Denver, CO",Colorado,1016,23,7,160,1337,0,0,0,10,0,"On Time"
2024,1,2024-01-01,MIA,"Miami, FL",Florida,1159,28,20,124,1045,0,0,0,11,0,"On Time"
2024,1,2024-01-01,DEN,"Denver, CO",Colorado,1204,13,4,94,602,0,0,0,12,0,"On Time"
2024,1,2024-01-01,PHX,"Phoenix, AZ",Arizona,926,16,6,82,602,0,0,0,9,0,"On Time"
2024,1,2024-01-01,FLL,"Fort Lauderdale, FL",Florida,1152,87,5,132,992,0,0,0,11,0,"On Time"
2024,1,2024-01-01,PHL,"Philadelphia, PA",Pennsylvania,815,13,7,138,992,0,0,0,8,0,"On Time"
2024,1,2024-01-01,DFW,"Dallas/Fort Worth, TX",Texas,2038,17,4,116,985,0,0,0,20,0,"On Time"
2024,1,2024-01-01,DFW,"Dallas/Fort Worth, TX",Texas,1517,14,10,134,986,0,0,0,15,0,"On Time"
2024,1,2024-01-01,DTW,"Detroit, MI",Michigan,1943,14,14,133,986,0,0,0,19,0,"On Time"
2024,1,2024-01-01,MEM,"Memphis, TN",Tennessee,530,13,9,107,859,0,0,0,5,0,"On Time"
2024,1,2024-01-01,MIA,"Miami, FL",Florida,838,26,6,119,1045,0,0,0,8,0,"On Time"
2024,1,2024-01-01,SJU,"San Juan, PR","Puerto Rico",1312,15,6,140,1045,0,0,0,13,0,"On Time"
2024,1,2024-01-01,BNA,"Nashville, TN",Tennessee,521,14,13,109,806,0,0,0,5,0,"On Time"
2024,1,2024-01-01,IAH,"Houston, TX",Texas,737,16,10,110,964,0,0,0,7,0,"On Time"
2024,1,2024-01-01,BHM,"Birmingham, AL",Alabama,1233,11,15,103,597,0,0,0,12,0,"On Time"
2024,1,2024-01-01,DFW,"Dallas/Fort Worth, TX",Texas,1014,15,2,70,597,0,0,0,10,0,"On Time"
2024,1,2024-01-01,AUS,"Austin, TX",Texas,1253,14,9,128,1103,0,0,0,12,0,"On Time"
2024,1,2024-01-01,CLT,"Charlotte, NC","North Carolina",904,15,4,87,511,0,0,0,9,0,"On Time"
2024,1,2024-01-01,MEM,"Memphis, TN",Tennessee,1120,13,12,70,511,0,0,0,11,0,"On Time"
2024,1,2024-01-01,CLT,"Charlotte, NC","North Carolina",1955,13,4,81,541,0,203,0,19,203,"Severe Delay"
2024,1,2024-01-01,JFK,"New York, NY","New York",1936,20,7,83,541,0,0,0,19,0,"On Time"
2024,1,2024-01-01,BNA,"Nashville, TN",Tennessee,1121,14,14,101,631,0,0,0,11,0,"On Time"
2024,1,2024-01-01,DFW,"Dallas/Fort Worth, TX",Texas,829,15,8,82,631,0,0,0,8,0,"On Time"
2024,1,2024-01-01,BNA,"Nashville, TN",Tennessee,1647,13,12,105,806,0,0,0,16,0,"On Time"
2024,1,2024-01-01,MIA,"Miami, FL",Florida,1357,19,7,117,806,0,0,0,13,0,"On Time"
2024,1,2024-01-01,CLT,"Charlotte, NC","North Carolina",1651,18,11,76,500,0,0,0,16,0,"On Time"
2024,1,2024-01-01,DTW,"Detroit, MI",Michigan,1938,11,14,78,500,0,0,0,19,0,"On Time"
2024,1,2024-01-01,ORD,"Chicago, IL",Illinois,1815,12,5,98,678,0,0,0,18,0,"On Time"
2024,1,2024-01-01,DFW,"Dallas/Fort Worth, TX",Texas,2054,30,5,145,1192,0,0,0,20,0,"On Time"
2024,1,2024-01-01,RNO,"Reno, NV",Nevada,539,27,10,165,1345,0,0,0,5,0,"On Time"
2024,1,2024-01-01,BNA,"Nashville, TN",Tennessee,1927,13,14,63,328,0,0,0,19,0,"On Time"
2024,1,2024-01-01,CLT,"Charlotte, NC","North Carolina",1807,14,6,57,328,0,0,0,18,0,"On Time"
2024,1,2024-01-01,MIA,"Miami, FL",Florida,1854,23,6,122,1045,0,16,0,18,16,"Minor Delay"
2024,1,2024-01-01,BNA,"Nashville, TN",Tennessee,1326,17,18,99,631,0,0,0,13,0,"On Time"
2024,1,2024-01-01,DFW,"Dallas/Fort Worth, TX",Texas,1043,16,8,83,631,0,0,0,10,0,"On Time"
2024,1,2024-01-01,DFW,"Dallas/Fort Worth, TX",Texas,1903,30,5,202,1562,0,4,0,19,4,"Minor Delay"
2024,1,2024-01-01,TPA,"Tampa, FL",Florida,710,13,13,157,929,0,0,0,7,0,"On Time"
2024,1,2024-01-01,PHX,"Phoenix, AZ",Arizona,2137,26,10,168,1449,0,135,0,21,135,"Severe Delay"
2024,1,2024-01-01,DFW,"Dallas/Fort Worth, TX",Texas,2042,16,8,86,624,0,0,0,20,0,"On Time"
2024,1,2024-01-01,BNA,"Nashville, TN",Tennessee,1630,15,4,98,675,0,0,0,16,0,"On Time"
2024,1,2024-01-01,PHL,"Philadelphia, PA",Pennsylvania,1426,20,7,97,675,0,0,0,14,0,"On Time"
2024,1,2024-01-01,CLT,"Charlotte, NC","North Carolina",854,13,9,63,328,0,0,0,8,0,"On Time"
2024,1,2024-01-01,BOS,"Boston, MA",Massachusetts,1003,10,5,49,184,0,0,0,10,0,"On Time"
2024,1,2024-01-01,BOI,"Boise, ID",Idaho,1137,14,12,156,1272,0,0,0,11,0,"On Time"
2024,1,2024-01-01,DFW,"Dallas/Fort Worth, TX",Texas,816,16,4,170,1272,0,0,0,8,0,"On Time"
2024,1,2024-01-01,BOI,"Boise, ID",Idaho,1534,12,12,155,1272,0,0,0,15,0,"On Time"
2024,1,2024-01-01,DFW,"Dallas/Fort Worth, TX",Texas,1212,14,5,179,1272,0,0,0,12,0,"On Time"
2024,1,2024-01-01,BOS,"Boston, MA",Massachusetts,1815,14,4,46,184,0,0,0,18,0,"On Time"
2024,1,2024-01-01,LGA,"New York, NY","New York",1620,25,16,34,184,0,0,0,16,0,"On Time"
2024,1,2024-01-01,BUR,"Burbank, CA",California,941,16,4,69,369,0,0,0,9,0,"On Time"
2024,1,2024-01-01,PHX,"Phoenix, AZ",Arizona,820,16,2,68,369,0,0,0,8,0,"On Time"
2024,1,2024-01-01,DFW,"Dallas/Fort Worth, TX",Texas,1754,11,7,177,1313,0,0,0,17,0,"On Time"
2024,1,2024-01-01,SNA,"Santa Ana, CA",California,641,30,10,140,1205,0,0,0,6,0,"On Time"
2024,1,2024-01-01,BUR,"Burbank, CA",California,1311,27,6,70,369,0,0,0,13,0,"On Time"
2024,1,2024-01-01,PHX,"Phoenix, AZ",Arizona,1150,23,4,73,369,0,0,0,11,0,"On Time"
2024,1,2024-01-01,ORD,"Chicago, IL",Illinois,2037,11,41,120,888,0,0,0,20,0,"On Time"
2024,1,2024-01-01,PHX,"Phoenix, AZ",Arizona,1415,18,6,246,2153,0,0,0,14,0,"On Time"
2024,1,2024-01-01,DFW,"Dallas/Fort Worth, TX",Texas,950,15,4,127,1119,0,0,0,9,0,"On Time"
2024,1,2024-01-01,FLL,"Fort Lauderdale, FL",Florida,1508,26,16,164,1119,0,0,0,15,0,"On Time"
2024,1,2024-01-01,MIA,"Miami, FL",Florida,1310,13,2,129,1107,0,0,0,13,0,"On Time"
2024,1,2024-01-01,STT,"Charlotte Amalie, VI","U.S. Virgin Islands",1741,14,8,156,1107,0,0,0,17,0,"On Time"
2024,1,2024-01-01,FLL,"Fort Lauderdale, FL",Florida,1439,29,5,138,992,0,0,0,14,0,"On Time"
2024,1,2024-01-01,PHL,"Philadelphia, PA",Pennsylvania,1054,13,4,136,992,0,0,0,10,0,"On Time"
2024,1,2024-01-01,BNA,"Nashville, TN",Tennessee,758,14,13,242,1797,0,0,0,7,0,"On Time"
2024,1,2024-01-01,DCA,"Washington, DC",Virginia,808,16,4,122,857,0,0,0,8,0,"On Time"
2024,1,2024-01-01,PBI,"West Palm Beach/Palm Beach, FL",Florida,1124,21,3,113,857,0,0,0,11,0,"On Time"
2024,1,2024-01-01,MSP,"Minneapolis, MN",Minnesota,517,14,12,116,852,0,0,0,5,0,"On Time"
2024,1,2024-01-01,MIA,"Miami, FL",Florida,1847,14,6,166,1103,0,0,0,18,0,"On Time"
2024,1,2024-01-01,BOS,"Boston, MA",Massachusetts,1749,28,18,183,1258,0,0,0,17,0,"On Time"
2024,1,2024-01-01,ORD,"Chicago, IL",Illinois,1222,16,4,153,1144,0,0,0,12,0,"On Time"
2024,1,2024-01-01,PBI,"West Palm Beach/Palm Beach, FL",Florida,1715,12,23,166,1144,0,0,0,17,0,"On Time"
2024,1,2024-01-01,DCA,"Washington, DC",Virginia,1728,13,7,61,399,0,0,0,17,0,"On Time"
2024,1,2024-01-01,CLT,"Charlotte, NC","North Carolina",2020,23,5,127,913,0,0,0,20,0,"On Time"
2024,1,2024-01-01,BOS,"Boston, MA",Massachusetts,1810,18,16,199,1562,0,0,0,18,0,"On Time"
2024,1,2024-01-01,DFW,"Dallas/Fort Worth, TX",Texas,1230,19,8,200,1562,0,0,0,12,0,"On Time"
2024,1,2024-01-01,PHX,"Phoenix, AZ",Arizona,1000,25,4,200,1788,0,0,0,10,0,"On Time"
2024,1,2024-01-01,TPA,"Tampa, FL",Florida,1718,15,5,244,1788,0,0,0,17,0,"On Time"
2024,1,2024-01-01,BWI,"Baltimore, MD",Maryland,610,23,17,178,1217,0,0,0,6,0,"On Time"
2024,1,2024-01-01,DEN,"Denver, CO",Colorado,750,49,4,96,602,0,0,0,7,0,"On Time"
2024,1,2024-01-01,AUS,"Austin, TX",Texas,1725,17,6,210,1521,0,0,0,17,0,"On Time"
2024,1,2024-01-01,DFW,"Dallas/Fort Worth, TX",Texas,2034,18,4,47,247,0,0,0,20,0,"On Time"
2024,1,2024-01-01,CLT,"Charlotte, NC","North Carolina",853,13,4,91,632,0,0,0,8,0,"On Time"
2024,1,2024-01-01,FLL,"Fort Lauderdale, FL",Florida,1146,28,12,93,632,0,0,0,11,0,"On Time"
2024,1,2024-01-01,MIA,"Miami, FL",Florida,1219,40,9,162,1258,0,0,0,12,0,"On Time"
2024,1,2024-01-01,ORD,"Chicago, IL",Illinois,644,8,29,154,1197,0,0,0,6,0,"On Time"
2024,1,2024-01-01,ONT,"Ontario, CA",California,556,11,15,138,1188,0,0,0,5,0,"On Time"
2024,1,2024-01-01,BOS,"Boston, MA",Massachusetts,1027,12,6,112,728,0,0,0,10,0,"On Time"
2024,1,2024-01-01,BOS,"Boston, MA",Massachusetts,729,11,6,64,280,0,0,0,7,0,"On Time"
2024,1,2024-01-01,PHL,"Philadelphia, PA",Pennsylvania,1027,14,7,48,280,0,0,0,10,0,"On Time"
2024,1,2024-01-01,BOS,"Boston, MA",Massachusetts,529,17,11,180,1258,0,0,0,5,0,"On Time"
2024,1,2024-01-01,FLL,"Fort Lauderdale, FL",Florida,1010,17,10,94,632,0,0,0,10,0,"On Time"
2024,1,2024-01-01,CHS,"Charleston, SC","South Carolina",1919,13,7,72,489,0,13,0,19,13,"Minor Delay"
2024,1,2024-01-01,MIA,"Miami, FL",Florida,1649,20,4,78,489,0,14,0,16,14,"Minor Delay"
2024,1,2024-01-01,DFW,"Dallas/Fort Worth, TX",Texas,1918,20,8,115,987,0,0,0,19,0,"On Time"
2024,1,2024-01-01,BOS,"Boston, MA",Massachusetts,1546,10,4,63,399,0,0,0,15,0,"On Time"
2024,1,2024-01-01,FLL,"Fort Lauderdale, FL",Florida,1321,15,23,168,1182,0,0,0,13,0,"On Time"
2024,1,2024-01-01,ORD,"Chicago, IL",Illinois,823,15,5,154,1182,0,0,0,8,0,"On Time"
2024,1,2024-01-01,DFW,"Dallas/Fort Worth, TX",Texas,1924,23,4,185,1471,0,0,0,19,0,"On Time"
2024,1,2024-01-01,CHS,"Charleston, SC","South Carolina",1116,11,8,36,168,0,0,0,11,0,"On Time"
2024,1,2024-01-01,CLT,"Charlotte, NC","North Carolina",922,13,8,40,168,0,0,0,9,0,"On Time"
2024,1,2024-01-01,CID,"Cedar Rapids/Iowa City, IA",Iowa,1456,9,4,172,1252,0,0,0,14,0,"On Time"
2024,1,2024-01-01,PHX,"Phoenix, AZ",Arizona,938,20,8,156,1252,0,0,0,9,0,"On Time"
2024,1,2024-01-01,DCA,"Washington, DC",Virginia,844,20,16,187,1192,0,0,0,8,0,"On Time"
2024,1,2024-01-01,FLL,"Fort Lauderdale, FL",Florida,1154,23,14,161,1119,0,0,0,11,0,"On Time"
2024,1,2024-01-01,LAX,"Los Angeles, CA",California,1252,21,4,331,2556,0,0,0,12,0,"On Time"
2024,1,2024-01-01,DFW,"Dallas/Fort Worth, TX",Texas,1854,17,12,194,1464,0,0,0,18,0,"On Time"
2024,1,2024-01-01,MIA,"Miami, FL",Florida,829,22,13,168,1197,0,0,0,8,0,"On Time"
2024,1,2024-01-01,LGA,"New York, NY","New York",810,13,8,35,184,0,0,0,8,0,"On Time"
2024,1,2024-01-01,CLE,"Cleveland, OH",Ohio,1746,15,8,63,430,0,0,0,17,0,"On Time"
2024,1,2024-01-01,CLT,"Charlotte, NC","North Carolina",1523,18,4,71,430,0,0,0,15,0,"On Time"
2024,1,2024-01-01,CLT,"Charlotte, NC","North Carolina",1010,11,3,36,257,0,0,0,10,0,"On Time"
2024,1,2024-01-01,RIC,"Richmond, VA",Virginia,1205,12,3,53,257,0,0,0,12,0,"On Time"
2024,1,2024-01-01,DTW,"Detroit, MI",Michigan,1610,44,4,69,453,0,0,0,16,0,"On Time"
2024,1,2024-01-01,PHL,"Philadelphia, PA",Pennsylvania,1331,14,4,70,453,0,0,0,13,0,"On Time"
2024,1,2024-01-01,PHX,"Phoenix, AZ",Arizona,1107,18,5,85,601,0,0,0,11,0,"On Time"
2024,1,2024-01-01,RNO,"Reno, NV",Nevada,1245,10,4,84,601,0,0,0,12,0,"On Time"
2024,1,2024-01-01,BOS,"Boston, MA",Massachusetts,1216,12,14,205,1562,0,0,0,12,0,"On Time"
2024,1,2024-01-01,COS,"Colorado Springs, CO",Colorado,1705,20,17,85,592,0,0,0,17,0,"On Time"
2024,1,2024-01-01,DFW,"Dallas/Fort Worth, TX",Texas,1512,16,10,96,592,0,0,0,15,0,"On Time"
2024,1,2024-01-01,HNL,"Honolulu, HI",Hawaii,51,17,12,288,2556,0,0,0,0,0,"On Time"
2024,1,2024-01-01,BOS,"Boston, MA",Massachusetts,1647,17,17,202,1562,0,95,0,16,95,"Severe Delay"
2024,1,2024-01-01,DFW,"Dallas/Fort Worth, TX",Texas,1116,14,9,194,1562,0,0,0,11,0,"On Time"
2024,1,2024-01-01,CLT,"Charlotte, NC","North Carolina",1611,11,5,87,547,0,0,0,16,0,"On Time"
2024,1,2024-01-01,SRQ,"Sarasota/Bradenton, FL",Florida,1847,10,15,78,547,0,0,0,18,0,"On Time"
2024,1,2024-01-01,JFK,"New York, NY","New York",758,17,17,89,541,0,0,0,7,0,"On Time"
2024,1,2024-01-01,CLT,"Charlotte, NC","North Carolina",2256,11,5,58,328,0,0,0,22,0,"On Time"
2024,1,2024-01-01,CLT,"Charlotte, NC","North Carolina",1841,17,8,97,728,0,92,0,18,92,"Severe Delay"
2024,1,2024-01-01,BOS,"Boston, MA",Massachusetts,929,14,10,117,728,0,0,0,9,0,"On Time"
2024,1,2024-01-01,PHX,"Phoenix, AZ",Arizona,946,27,11,271,2300,0,0,0,9,0,"On Time"
2024,1,2024-01-01,CLT,"Charlotte, NC","North Carolina",1135,19,8,87,547,0,0,0,11,0,"On Time"
2024,1,2024-01-01,SRQ,"Sarasota/Bradenton, FL",Florida,1419,27,7,77,547,0,0,0,14,0,"On Time"
2024,1,2024-01-01,PHL,"Philadelphia, PA",Pennsylvania,1333,21,8,47,280,0,0,0,13,0,"On Time"
2024,1,2024-01-01,MIA,"Miami, FL",Florida,1331,15,6,292,1972,0,0,0,13,0,"On Time"
2024,1,2024-01-01,DFW,"Dallas/Fort Worth, TX",Texas,2113,15,4,61,447,0,0,0,21,0,"On Time"
2024,1,2024-01-01,DTW,"Detroit, MI",Michigan,1754,36,14,43,235,0,0,0,17,0,"On Time"
2024,1,2024-01-01,ORD,"Chicago, IL",Illinois,1458,12,7,46,235,0,0,0,14,0,"On Time"
2024,1,2024-01-01,BOS,"Boston, MA",Massachusetts,1521,10,6,116,728,0,14,0,15,14,"Minor Delay"
2024,1,2024-01-01,CLT,"Charlotte, NC","North Carolina",1234,9,8,91,728,0,28,0,12,28,"Minor Delay"
2024,1,2024-01-01,DFW,"Dallas/Fort Worth, TX",Texas,2104,21,5,30,175,0,0,0,21,0,"On Time"
2024,1,2024-01-01,AUS,"Austin, TX",Texas,1449,17,8,178,1242,0,0,0,14,0,"On Time"
2024,1,2024-01-01,CLT,"Charlotte, NC","North Carolina",935,39,5,76,437,0,0,0,9,0,"On Time"
2024,1,2024-01-01,ECP,"Panama City, FL",Florida,1114,10,6,61,437,0,0,0,11,0,"On Time"
2024,1,2024-01-01,MIA,"Miami, FL",Florida,824,23,4,132,1107,0,0,0,8,0,"On Time"
2024,1,2024-01-01,CLT,"Charlotte, NC","North Carolina",1537,11,13,140,912,0,0,0,15,0,"On Time"
2024,1,2024-01-01,IAH,"Houston, TX",Texas,1811,16,23,124,912,0,0,0,18,0,"On Time"
2024,1,2024-01-01,DFW,"Dallas/Fort Worth, TX",Texas,1246,15,5,132,1119,0,0,0,12,0,"On Time"
2024,1,2024-01-01,FLL,"Fort Lauderdale, FL",Florida,1725,15,12,169,1119,0,0,0,17,0,"On Time"
2024,1,2024-01-01,CLE,"Cleveland, OH",Ohio,1230,34,4,239,1737,0,0,0,12,0,"On Time"
2024,1,2024-01-01,IAH,"Houston, TX",Texas,1133,17,13,114,964,0,0,0,11,0,"On Time"
2024,1,2024-01-01,MIA,"Miami, FL",Florida,841,22,3,160,964,0,0,0,8,0,"On Time"
2024,1,2024-01-01,BOS,"Boston, MA",Massachusetts,1639,14,13,108,728,0,0,0,16,0,"On Time"
2024,1,2024-01-01,CLT,"Charlotte, NC","North Carolina",1346,9,9,94,728,0,0,0,13,0,"On Time"
2024,1,2024-01-01,BOS,"Boston, MA",Massachusetts,1207,16,4,59,280,0,0,0,12,0,"On Time"
2024,1,2024-01-01,MIA,"Miami, FL",Florida,2051,15,6,181,1143,0,0,0,20,0,"On Time"
2024,1,2024-01-01,CLT,"Charlotte, NC","North Carolina",905,9,4,44,290,0,0,0,9,0,"On Time"
2024,1,2024-01-01,ORF,"Norfolk, VA",Virginia,1053,13,8,59,290,0,0,0,10,0,"On Time"
2024,1,2024-01-01,MSY,"New Orleans, LA",Louisiana,704,12,15,73,447,0,0,0,7,0,"On Time"
2024,1,2024-01-01,SEA,"Seattle, WA",Washington,2231,13,12,310,2724,0,0,0,22,0,"On Time"
2024,1,2024-01-01,DFW,"Dallas/Fort Worth, TX",Texas,1029,19,11,45,224,0,0,0,10,0,"On Time"
2024,1,2024-01-01,IAH,"Houston, TX",Texas,1225,21,12,38,224,0,0,0,12,0,"On Time"
2024,1,2024-01-01,DFW,"Dallas/Fort Worth, TX",Texas,1222,26,5,100,862,0,0,0,12,0,"On Time"
2024,1,2024-01-01,GSP,"Greer, SC","South Carolina",1633,32,11,133,862,0,6,0,16,6,"Minor Delay"
2024,1,2024-01-01,PHX,"Phoenix, AZ",Arizona,2303,12,4,210,1773,0,0,0,23,0,"On Time"
2024,1,2024-01-01,BUF,"Buffalo, NY","New York",1144,9,18,86,546,0,0,0,11,0,"On Time"
2024,1,2024-01-01,CLT,"Charlotte, NC","North Carolina",915,13,3,75,546,0,0,0,9,0,"On Time"
2024,1,2024-01-01,SRQ,"Sarasota/Bradenton, FL",Florida,605,10,7,83,547,0,0,0,6,0,"On Time"
2024,1,2024-01-01,CLT,"Charlotte, NC","North Carolina",1118,11,6,138,912,0,0,0,11,0,"On Time"
2024,1,2024-01-01,IAH,"Houston, TX",Texas,1358,12,7,106,912,0,0,0,13,0,"On Time"
2024,1,2024-01-01,DFW,"Dallas/Fort Worth, TX",Texas,1709,12,5,54,328,0,0,0,17,0,"On Time"
2024,1,2024-01-01,ICT,"Wichita, KS",Kansas,1855,9,10,56,328,0,0,0,18,0,"On Time"
2024,1,2024-01-01,CLT,"Charlotte, NC","North Carolina",1633,14,6,253,1773,0,0,0,16,0,"On Time"
2024,1,2024-01-01,HNL,"Honolulu, HI",Hawaii,753,13,6,274,2556,0,0,0,7,0,"On Time"
2024,1,2024-01-01,DFW,"Dallas/Fort Worth, TX",Texas,2044,22,5,119,868,0,31,0,20,31,"Moderate Delay"
2024,1,2024-01-01,DFW,"Dallas/Fort Worth, TX",Texas,1650,16,10,137,1021,0,0,0,16,0,"On Time"
2024,1,2024-01-01,BUF,"Buffalo, NY","New York",1938,22,8,81,546,0,0,0,19,0,"On Time"
2024,1,2024-01-01,CLT,"Charlotte, NC","North Carolina",1627,11,4,77,546,0,0,0,16,0,"On Time"
2024,1,2024-01-01,JFK,"New York, NY","New York",930,25,4,273,2153,0,0,0,9,0,"On Time"
2024,1,2024-01-01,BOS,"Boston, MA",Massachusetts,1400,12,4,44,184,0,0,0,14,0,"On Time"
2024,1,2024-01-01,LGA,"New York, NY","New York",1208,13,9,34,184,0,0,0,12,0,"On Time"
2024,1,2024-01-01,CLT,"Charlotte, NC","North Carolina",2045,19,15,29,130,0,0,0,20,0,"On Time"
2024,1,2024-01-01,LGA,"New York, NY","New York",730,16,16,192,1389,0,0,0,7,0,"On Time"
2024,1,2024-01-01,CMH,"Columbus, OH",Ohio,1713,14,12,130,926,0,0,0,17,0,"On Time"
2024,1,2024-01-01,DFW,"Dallas/Fort Worth, TX",Texas,1250,21,7,125,926,0,0,0,12,0,"On Time"
2024,1,2024-01-01,BWI,"Baltimore, MD",Maryland,1340,14,14,63,361,0,0,0,13,0,"On Time"
2024,1,2024-01-01,CLT,"Charlotte, NC","North Carolina",1134,16,7,52,361,0,0,0,11,0,"On Time"
2024,1,2024-01-01,CLT,"Charlotte, NC","North Carolina",1816,12,6,35,185,0,0,0,18,0,"On Time"
2024,1,2024-01-01,ILM,"Wilmington, NC","North Carolina",2017,12,4,61,185,0,0,0,20,0,"On Time"
2024,1,2024-01-01,BZN,"Bozeman, MT",Montana,1545,9,5,143,1163,0,0,0,15,0,"On Time"
2024,1,2024-01-01,DFW,"Dallas/Fort Worth, TX",Texas,1231,27,5,161,1163,0,0,0,12,0,"On Time"
2024,1,2024-01-01,LAX,"Los Angeles, CA",California,558,17,8,229,2125,0,0,0,5,0,"On Time"
2024,1,2024-01-01,DFW,"Dallas/Fort Worth, TX",Texas,2031,11,6,79,631,0,0,0,20,0,"On Time"
2024,1,2024-01-01,BZN,"Bozeman, MT",Montana,1315,13,15,154,1185,0,0,0,13,0,"On Time"
2024,1,2024-01-01,ORD,"Chicago, IL",Illinois,1019,9,4,161,1185,0,0,0,10,0,"On Time"
2024,1,2024-01-01,JAX,"Jacksonville, FL",Florida,914,13,11,55,328,0,0,0,9,0,"On Time"
2024,1,2024-01-01,CAE,"Columbia, SC","South Carolina",1710,11,24,139,922,0,0,0,17,0,"On Time"
2024,1,2024-01-01,DFW,"Dallas/Fort Worth, TX",Texas,1324,18,4,104,922,0,28,0,13,28,"Minor Delay"
2024,1,2024-01-01,DFW,"Dallas/Fort Worth, TX",Texas,1154,11,6,107,761,0,0,0,11,0,"On Time"
2024,1,2024-01-01,IND,"Indianapolis, IN",Indiana,1553,11,16,107,761,0,0,0,15,0,"On Time"
2024,1,2024-01-01,IND,"Indianapolis, IN",Indiana,728,18,16,115,761,0,0,0,7,0,"On Time"
2024,1,2024-01-01,SYR,"Syracuse, NY","New York",557,47,19,186,1336,0,0,0,5,0,"On Time"
2024,1,2024-01-01,BOS,"Boston, MA",Massachusetts,641,11,13,121,867,0,0,0,6,0,"On Time"
2024,1,2024-01-01,CHS,"Charleston, SC","South Carolina",2056,11,11,148,987,0,58,0,20,58,"Moderate Delay"
2024,1,2024-01-01,DFW,"Dallas/Fort Worth, TX",Texas,1654,22,9,114,987,0,85,0,16,85,"Moderate Delay"
2024,1,2024-01-01,CLT,"Charlotte, NC","North Carolina",1352,13,8,115,808,0,0,0,13,0,"On Time"
2024,1,2024-01-01,MCI,"Kansas City, MO",Missouri,1617,11,10,107,808,0,0,0,16,0,"On Time"
2024,1,2024-01-01,DCA,"Washington, DC",Virginia,816,16,10,64,331,0,0,0,8,0,"On Time"
2024,1,2024-01-01,CHS,"Charleston, SC","South Carolina",1525,14,14,151,987,0,0,0,15,0,"On Time"
2024,1,2024-01-01,DFW,"Dallas/Fort Worth, TX",Texas,1048,12,7,107,987,0,0,0,10,0,"On Time"
2024,1,2024-01-01,BUR,"Burbank, CA",California,1932,20,6,71,369,0,11,0,19,11,"Minor Delay"
2024,1,2024-01-01,PHX,"Phoenix, AZ",Arizona,1827,14,4,62,369,0,0,0,18,0,"On Time"
2024,1,2024-01-01,CLT,"Charlotte, NC","North Carolina",1815,21,9,57,328,0,0,0,18,0,"On Time"
2024,1,2024-01-01,JAX,"Jacksonville, FL",Florida,2028,26,8,57,328,0,110,0,20,110,"Severe Delay"
2024,1,2024-01-01,CLT,"Charlotte, NC","North Carolina",1546,10,21,74,468,0,0,0,15,0,"On Time"
2024,1,2024-01-01,MCO,"Orlando, FL",Florida,1824,17,6,74,468,0,0,0,18,0,"On Time"
2024,1,2024-01-01,LAS,"Las Vegas, NV",Nevada,658,20,7,230,2174,0,0,0,6,0,"On Time"
2024,1,2024-01-01,CLT,"Charlotte, NC","North Carolina",1135,20,11,66,413,0,0,0,11,0,"On Time"
2024,1,2024-01-01,MDT,"Harrisburg, PA",Pennsylvania,1358,23,10,71,413,0,0,0,13,0,"On Time"
2024,1,2024-01-01,MSY,"New Orleans, LA",Louisiana,933,14,7,81,651,0,0,0,9,0,"On Time"
2024,1,2024-01-01,SJU,"San Juan, PR","Puerto Rico",657,28,4,211,1576,0,0,0,6,0,"On Time"
2024,1,2024-01-01,PHL,"Philadelphia, PA",Pennsylvania,1854,16,9,221,1576,0,0,0,18,0,"On Time"
2024,1,2024-01-01,DCA,"Washington, DC",Virginia,456,10,6,59,331,0,0,0,4,0,"On Time"
2024,1,2024-01-01,LGA,"New York, NY","New York",656,15,5,155,1096,0,0,0,6,0,"On Time"
2024,1,2024-01-01,MYR,"Myrtle Beach, SC","South Carolina",1045,19,7,38,157,0,0,0,10,0,"On Time"
2024,1,2024-01-01,MCO,"Orlando, FL",Florida,2001,20,7,119,861,0,36,0,20,36,"Moderate Delay"
2024,1,2024-01-01,CLT,"Charlotte, NC","North Carolina",1326,19,4,93,590,0,0,0,13,0,"On Time"
2024,1,2024-01-01,PBI,"West Palm Beach/Palm Beach, FL",Florida,1610,10,15,87,590,0,0,0,16,0,"On Time"
2024,1,2024-01-01,PHX,"Phoenix, AZ",Arizona,2007,13,5,40,261,0,114,0,20,114,"Severe Delay"
2024,1,2024-01-01,PSP,"Palm Springs, CA",California,2032,11,4,48,261,0,65,0,20,65,"Moderate Delay"
2024,1,2024-01-01,DEN,"Denver, CO",Colorado,16,14,7,184,1709,0,0,0,0,0,"On Time"
2024,1,2024-01-01,LAS,"Las Vegas, NV",Nevada,1555,17,27,47,255,0,0,0,15,0,"On Time"
2024,1,2024-01-01,PHX,"Phoenix, AZ",Arizona,1444,22,5,47,255,0,0,0,14,0,"On Time"
2024,1,2024-01-01,DFW,"Dallas/Fort Worth, TX",Texas,2054,27,4,96,733,0,0,0,20,0,"On Time"
2024,1,2024-01-01,ORD,"Chicago, IL",Illinois,1654,13,6,220,1723,0,0,0,16,0,"On Time"
2024,1,2024-01-01,SMF,"Sacramento, CA",California,551,11,15,174,1431,0,0,0,5,0,"On Time"
2024,1,2024-01-01,DCA,"Washington, DC",Virginia,1451,14,3,68,482,0,0,0,14,0,"On Time"
2024,1,2024-01-01,PWM,"Portland, ME",Maine,1708,12,6,89,482,0,0,0,17,0,"On Time"
2024,1,2024-01-01,FAT,"Fresno, CA",California,1947,14,8,76,493,0,22,0,19,22,"Minor Delay"
2024,1,2024-01-01,PHX,"Phoenix, AZ",Arizona,1824,14,5,76,493,0,0,0,18,0,"On Time"
2024,1,2024-01-01,DFW,"Dallas/Fort Worth, TX",Texas,819,15,4,119,721,0,0,0,8,0,"On Time"
2024,1,2024-01-01,EGE,"Eagle, CO",Colorado,1116,12,15,103,721,0,0,0,11,0,"On Time"
2024,1,2024-01-01,FSD,"Sioux Falls, SD","South Dakota",601,37,12,108,737,0,0,0,6,0,"On Time"
2024,1,2024-01-01,MIA,"Miami, FL",Florida,2229,13,6,125,859,0,0,0,22,0,"On Time"
2024,1,2024-01-01,CID,"Cedar Rapids/Iowa City, IA",Iowa,1913,9,13,92,685,0,0,0,19,0,"On Time"
2024,1,2024-01-01,DFW,"Dallas/Fort Worth, TX",Texas,1639,15,6,91,685,0,0,0,16,0,"On Time"
2024,1,2024-01-01,DFW,"Dallas/Fort Worth, TX",Texas,1928,19,5,95,737,0,0,0,19,0,"On Time"
2024,1,2024-01-01,CLE,"Cleveland, OH",Ohio,1330,25,12,141,1021,0,0,0,13,0,"On Time"
2024,1,2024-01-01,DFW,"Dallas/Fort Worth, TX",Texas,900,18,6,127,1021,0,0,0,9,0,"On Time"
2024,1,2024-01-01,AUS,"Austin, TX",Texas,806,14,3,129,1162,0,0,0,8,0,"On Time"
2024,1,2024-01-01,RDU,"Raleigh/Durham, NC","North Carolina",1216,13,5,188,1162,0,0,0,12,0,"On Time"
2024,1,2024-01-01,ORD,"Chicago, IL",Illinois,1848,17,13,113,802,0,0,0,18,0,"On Time"
2024,1,2024-01-01,DFW,"Dallas/Fort Worth, TX",Texas,1442,17,16,125,1121,0,0,0,14,0,"On Time"
2024,1,2024-01-01,EUG,"Eugene, OR",Oregon,525,13,5,188,1606,0,0,0,5,0,"On Time"
2024,1,2024-01-01,GRR,"Grand Rapids, MI",Michigan,704,15,12,129,931,0,0,0,7,0,"On Time"
2024,1,2024-01-01,CLE,"Cleveland, OH",Ohio,1359,14,9,71,430,0,0,0,13,0,"On Time"
2024,1,2024-01-01,CLT,"Charlotte, NC","North Carolina",1139,16,6,65,430,0,0,0,11,0,"On Time"
2024,1,2024-01-01,DCA,"Washington, DC",Virginia,2256,12,5,46,214,0,0,0,22,0,"On Time"
2024,1,2024-01-01,RIC,"Richmond, VA",Virginia,917,16,3,53,257,0,0,0,9,0,"On Time"
2024,1,2024-01-01,CMH,"Columbus, OH",Ohio,1324,10,16,133,926,0,0,0,13,0,"On Time"
2024,1,2024-01-01,DFW,"Dallas/Fort Worth, TX",Texas,857,18,6,118,926,0,0,0,8,0,"On Time"
2024,1,2024-01-01,MIA,"Miami, FL",Florida,2136,23,5,101,700,0,0,0,21,0,"On Time"
2024,1,2024-01-01,ATL,"Atlanta, GA",Georgia,711,14,13,119,731,0,0,0,7,0,"On Time"
2024,1,2024-01-01,PHX,"Phoenix, AZ",Arizona,811,13,6,98,601,0,0,0,8,0,"On Time"
2024,1,2024-01-01,RNO,"Reno, NV",Nevada,953,11,3,87,601,0,0,0,9,0,"On Time"
2024,1,2024-01-01,DEN,"Denver, CO",Colorado,723,15,7,157,1337,0,0,0,7,0,"On Time"
2024,1,2024-01-01,MIA,"Miami, FL",Florida,1331,10,19,167,1121,0,0,0,13,0,"On Time"
2024,1,2024-01-01,CLT,"Charlotte, NC","North Carolina",1442,11,4,79,573,0,0,0,14,0,"On Time"
2024,1,2024-01-01,ROC,"Rochester, NY","New York",1713,22,10,81,573,0,0,0,17,0,"On Time"
2024,1,2024-01-01,CLT,"Charlotte, NC","North Carolina",1805,15,6,53,347,0,7,0,18,7,"Minor Delay"
2024,1,2024-01-01,CMH,"Columbus, OH",Ohio,1955,12,8,58,347,0,38,0,19,38,"Moderate Delay"
2024,1,2024-01-01,EWR,"Newark, NJ","New Jersey",738,20,5,87,529,0,0,0,7,0,"On Time"
2024,1,2024-01-01,CLT,"Charlotte, NC","North Carolina",1323,14,5,59,335,0,0,0,13,0,"On Time"
2024,1,2024-01-01,SDF,"Louisville, KY",Kentucky,1536,18,13,63,335,0,0,0,15,0,"On Time"
2024,1,2024-01-01,MIA,"Miami, FL",Florida,1842,17,13,98,650,0,0,0,18,0,"On Time"
2024,1,2024-01-01,BOS,"Boston, MA",Massachusetts,1754,18,8,321,2611,0,0,0,17,0,"On Time"
2024,1,2024-01-01,LAX,"Los Angeles, CA",California,742,20,15,321,2611,0,0,0,7,0,"On Time"
2024,1,2024-01-01,CLT,"Charlotte, NC","North Carolina",2058,16,12,295,2296,0,0,0,20,0,"On Time"
2024,1,2024-01-01,CVG,"Cincinnati, OH",Kentucky,1258,11,14,125,812,0,0,0,12,0,"On Time"
2024,1,2024-01-01,DFW,"Dallas/Fort Worth, TX",Texas,858,18,6,106,812,0,0,0,8,0,"On Time"
2024,1,2024-01-01,DFW,"Dallas/Fort Worth, TX",Texas,828,16,6,198,1464,0,0,0,8,0,"On Time"
2024,1,2024-01-01,SFO,"San Francisco, CA",California,1114,13,14,182,1464,0,0,0,11,0,"On Time"
2024,1,2024-01-01,CMH,"Columbus, OH",Ohio,506,41,10,139,926,0,0,0,5,0,"On Time"
2024,1,2024-01-01,CLT,"Charlotte, NC","North Carolina",1620,12,4,56,335,0,0,0,16,0,"On Time"
2024,1,2024-01-01,CVG,"Cincinnati, OH",Kentucky,1858,29,6,56,335,0,0,0,18,0,"On Time"
2024,1,2024-01-01,MIA,"Miami, FL",Florida,1923,14,5,292,2088,0,0,0,19,0,"On Time"
2024,1,2024-01-01,SLC,"Salt Lake City, UT",Utah,2344,20,6,232,2088,0,0,0,23,0,"On Time"
2024,1,2024-01-01,PHX,"Phoenix, AZ",Arizona,815,12,14,71,507,0,0,0,8,0,"On Time"
2024,1,2024-01-01,SLC,"Salt Lake City, UT",Utah,1036,11,4,77,507,0,0,0,10,0,"On Time"
2024,1,2024-01-01,PHX,"Phoenix, AZ",Arizona,932,20,9,257,2153,0,0,0,9,0,"On Time"
2024,1,2024-01-01,DFW,"Dallas/Fort Worth, TX",Texas,1047,22,8,192,1464,0,0,0,10,0,"On Time"
2024,1,2024-01-01,CLT,"Charlotte, NC","North Carolina",1318,12,4,70,427,0,0,0,13,0,"On Time"
2024,1,2024-01-01,IND,"Indianapolis, IN",Indiana,1551,17,6,71,427,0,0,0,15,0,"On Time"
2024,1,2024-01-01,DFW,"Dallas/Fort Worth, TX",Texas,848,20,4,134,1102,0,0,0,8,0,"On Time"
2024,1,2024-01-01,CLE,"Cleveland, OH",Ohio,624,30,18,139,1021,0,0,0,6,0,"On Time"
2024,1,2024-01-01,SJU,"San Juan, PR","Puerto Rico",601,57,16,314,2165,0,0,0,6,0,"On Time"
2024,1,2024-01-01,LAS,"Las Vegas, NV",Nevada,629,19,8,134,1090,0,0,0,6,0,"On Time"
2024,1,2024-01-01,MIA,"Miami, FL",Florida,2138,20,5,155,1068,0,0,0,21,0,"On Time"
2024,1,2024-01-01,AUS,"Austin, TX",Texas,655,13,9,38,190,0,0,0,6,0,"On Time"
2024,1,2024-01-01,LAX,"Los Angeles, CA",California,753,16,16,214,1744,0,0,0,7,0,"On Time"
2024,1,2024-01-01,DFW,"Dallas/Fort Worth, TX",Texas,1258,10,5,151,1055,0,0,0,12,0,"On Time"
2024,1,2024-01-01,LAS,"Las Vegas, NV",Nevada,1450,14,18,126,1055,0,0,0,14,0,"On Time"
2024,1,2024-01-01,SFO,"San Francisco, CA",California,1313,23,5,325,2586,0,0,0,13,0,"On Time"
2024,1,2024-01-01,PBI,"West Palm Beach/Palm Beach, FL",Florida,1331,37,15,165,1102,0,0,0,13,0,"On Time"
2024,1,2024-01-01,SAT,"San Antonio, TX",Texas,701,11,8,127,1143,0,0,0,7,0,"On Time"
2024,1,2024-01-01,DFW,"Dallas/Fort Worth, TX",Texas,1832,21,4,128,1061,0,0,0,18,0,"On Time"
2024,1,2024-01-01,DCA,"Washington, DC",Virginia,1227,16,10,91,612,0,0,0,12,0,"On Time"
2024,1,2024-01-01,DFW,"Dallas/Fort Worth, TX",Texas,2255,18,2,84,551,0,0,0,22,0,"On Time"
2024,1,2024-01-01,ORD,"Chicago, IL",Illinois,1511,36,6,41,258,0,0,0,15,0,"On Time"
2024,1,2024-01-01,DCA,"Washington, DC",Virginia,1748,24,26,129,919,0,16,0,17,16,"Minor Delay"
2024,1,2024-01-01,MIA,"Miami, FL",Florida,1430,10,4,122,919,0,12,0,14,12,"Minor Delay"
2024,1,2024-01-01,DFW,"Dallas/Fort Worth, TX",Texas,1036,23,4,219,1616,0,0,0,10,0,"On Time"
2024,1,2024-01-01,PDX,"Portland, OR",Oregon,1403,11,11,198,1616,0,0,0,14,0,"On Time"
2024,1,2024-01-01,JFK,"New York, NY","New York",721,13,16,154,1089,0,0,0,7,0,"On Time"
2024,1,2024-01-01,LAS,"Las Vegas, NV",Nevada,1003,19,4,47,255,0,0,0,10,0,"On Time"
2024,1,2024-01-01,PHX,"Phoenix, AZ",Arizona,825,18,5,43,255,0,0,0,8,0,"On Time"
2024,1,2024-01-01,DCA,"Washington, DC",Virginia,1329,23,8,135,919,0,0,0,13,0,"On Time"
2024,1,2024-01-01,MIA,"Miami, FL",Florida,949,15,4,125,919,0,0,0,9,0,"On Time"
2024,1,2024-01-01,MIA,"Miami, FL",Florida,1124,14,6,120,1045,0,0,0,11,0,"On Time"
2024,1,2024-01-01,SJU,"San Juan, PR","Puerto Rico",1538,32,20,147,1045,0,52,0,15,52,"Moderate Delay"
2024,1,2024-01-01,PHX,"Phoenix, AZ",Arizona,2251,13,6,204,1972,0,0,0,22,0,"On Time"
